0.00053917,0,0,0,,
0.00558996,0,0,0,,
0.0106002,0,0,0,,
0.0156165,0,0,0,,
0.0207516,0,0,0,,
0.0256358,0,0,0,,
0.0306096,0,0,0,,
0.0357093,0,0,0,,
0.0406079,0,0,0,,
0.045602,0,0,0,,
0.0505918,0,0,0,,
0.0556079,0,0,0,,
0.060668,0,0,0,,
0.0655698,0,0,0,,
0.0705656,0,0,0,,
0.0755997,0,0,0,,
0.0805974,0,0,0,,
0.0856847,0,0,0,,
0.0906272,0,0,0,,
0.0955963,0,0,0,,
0.100669,0,0,0,,
0.105606,0,0,0,,
0.110599,0,0,0,,
0.115601,0,0,0,,
0.120668,0,0,0,,
0.125595,0,0,0,,
0.130599,0,0,0,,
0.1356,0,0,0,,
0.140605,0,0,0,,
0.145579,0,0,0,,
0.150605,0,0,0,,
0.155633,0,0,0,,
0.160733,0,0,0,,
0.165694,0,0,0,,
0.170635,0,0,0,,
0.175723,0,0,0,,
0.180736,0,0,0,,
0.185684,0,0,0,,
0.190638,0,0,0,,
0.195696,0,0,0,,
0.200625,0,0,0,,
0.205669,0,0,0,,
0.210647,0,0,0,,
0.215686,0,0,0,,
0.220672,0,0,0,,
0.225707,0,0,0,,
0.230614,0,0,0,,
0.235731,0,0,0,,
0.240721,0,0,0,,
0.245714,0,0,0,,
0.250578,0,0,0,,
0.255604,0,0,0,,
0.260587,0,0,0,,
0.265587,0,0,0,,
0.270606,0,0,0,,
0.275594,0,0,0,,
0.280612,0,0,0,,
0.285691,0,0,0,,
0.290631,0,0,0,,
0.295702,0,0,0,,
0.300663,0,0,0,,
0.305719,0,0,0,,
0.3106,0,0,0,,
0.315608,0,0,0,,
0.32067,0,0,0,,
0.325726,0,0,0,,
0.330607,0,0,0,,
0.335602,0,0,0,,
0.340723,0,0,0,,
0.34567,0,0,0,,
0.350614,0,0,0,,
0.355702,0,0,0,,
0.360695,0,0,0,,
0.365642,0,0,0,,
0.370613,0,0,0,,
0.375585,0,0,0,,
0.38063,0,0,0,,
0.385616,0,0,0,,
0.390607,0,0,0,,
0.39571,0,0,0,,
0.400673,0,0,0,,
0.405572,0,0,0,,
0.410598,0,0,0,,
0.415634,0,0,0,,
0.420608,0,0,0,,
0.425735,0,0,0,,
0.430637,0,0,0,,
0.435597,0,0,0,,
0.440723,0,0,0,,
0.445631,0,0,0,,
0.450603,0,0,0,,
0.455605,0,0,0,,
0.460696,0,0,0,,
0.465687,0,0,0,,
0.470601,0,0,0,,
0.475567,0,0,0,,
0.480561,0,0,0,,
0.485701,0,0,0,,
0.490604,0,0,0,,
0.495606,0,0,0,,
0.500581,0,0,0,,
0.505608,0,0,0,,
0.510578,0,0,0,,
0.515586,0,0,0,,
0.520599,0,0,0,,
0.525604,0,0,0,,
0.530587,0,0,0,,
0.535608,0,0,0,,
0.540596,0,0,0,,
0.545596,0,0,0,,
0.550592,0,0,0,,
0.555606,0,0,0,,
0.560622,0,0,0,,
0.56562,0,0,0,,
0.570606,0,0,0,,
0.575713,0,0,0,,
0.580592,0,0,0,,
0.585589,0,0,0,,
0.590634,0,0,0,,
0.595606,0,0,0,,
0.600596,0,0,0,,
0.605629,0,0,0,,
0.610611,0,0,0,,
0.615594,0,0,0,,
0.620602,0,0,0,,
0.625661,0,0,0,,
0.630592,0,0,0,,
0.635609,0,0,0,,
0.64058,0,0,0,,
0.645634,0,0,0,,
0.65058,0,0,0,,
0.655657,0,0,0,,
0.660584,0,0,0,,
0.665584,0,0,0,,
0.670606,0,0,0,,
0.675711,0,0,0,,
0.680557,0,0,0,,
0.685578,0,0,0,,
0.6906,0,0,0,,
0.69561,0,0,0,,
0.70059,0,0,0,,
0.70559,0,0,0,,
0.71058,0,0,0,,
0.715636,0,0,0,,
0.720601,0,0,0,,
0.725607,0,0,0,,
0.730621,0,0,0,,
0.735602,0,0,0,,
0.74067,0,0,0,,
0.745702,0,0,0,,
0.750606,0,0,0,,
0.7556,0,0,0,,
0.760584,0,0,0,,
0.765585,0,0,0,,
0.770606,0,0,0,,
0.775597,0,0,0,,
0.780587,0,0,0,,
0.785586,0,0,0,,
0.790626,0,0,0,,
0.795725,0,0,0,,
0.800606,0,0,0,,
0.805609,0,0,0,,
0.810632,0,0,0,,
0.815589,0,0,0,,
0.820596,0,0,0,,
0.825727,0,0,0,,
0.830646,0,0,0,,
0.835668,0,0,0,,
0.840678,0,0,0,,
0.845657,0,0,0,,
0.8506,0,0,0,,
0.8557,0,0,0,,
0.860613,0,0,0,,
0.86567,0,0,0,,
0.870599,0,0,0,,
0.875573,0,0,0,,
0.88074,0,0,0,,
0.885609,0,0,0,,
0.890577,0,0,0,,
0.895562,0,0,0,,
0.900592,0,0,0,,
0.905592,0,0,0,,
0.910587,0,0,0,,
0.915564,0,0,0,,
0.92063,0,0,0,,
0.925585,0,0,0,,
0.930592,0,0,0,,
0.935597,0,0,0,,
0.940628,0,0,0,,
0.945719,0,0,0,,
0.950591,0,0,0,,
0.955733,0,0,0,,
0.960654,0,0,0,,
0.965691,0,0,0,,
0.97057,0,0,0,,
0.975718,0,0,0,,
0.980687,0,0,0,,
0.985663,0,0,0,,
0.990604,0,0,0,,
0.995718,0,0,0,,
1.00068,0,0,0,,
1.0056,0,0,0,,
1.0106,0,0,0,,
1.01567,0,0,0,,
1.02067,0,0,0,,
1.02567,0,0,0,,
1.03056,0,0,0,,
1.03567,0,0,0,,
1.04066,0,0,0,,
1.04567,0,0,0,,
1.05061,0,0,0,,
1.05561,0,0,0,,
1.06062,0,0,0,,
1.06559,0,0,0,,
1.07057,0,0,0,,
1.07559,0,0,0,,
1.08061,0,0,0,,
1.08558,0,0,0,,
1.09057,0,0,0,,
1.09559,0,0,0,,
1.10058,0,0,0,,
1.10559,0,0,0,,
1.11056,0,0,0,,
1.11558,0,0,0,,
1.1206,0,0,0,,
1.12555,0,0,0,,
1.13059,0,0,0,,
1.13567,0,0,0,,
1.14076,0,0,0,,
1.14559,0,0,0,,
1.15059,0,0,0,,
1.15558,0,0,0,,
1.16057,0,0,0,,
1.16558,0,0,0,,
1.17058,0,0,0,,
1.1756,0,0,0,,
1.18056,0,0,0,,
1.18558,0,0,0,,
1.19057,0,0,0,,
1.19558,0,0,0,,
1.20058,0,0,0,,
1.20566,0,0,0,,
1.2106,0,0,0,,
1.21565,0,0,0,,
1.22059,0,0,0,,
1.22567,0,0,0,,
1.2306,0,0,0,,
1.2356,0,0,0,,
1.24065,0,0,0,,
1.24563,0,0,0,,
1.25059,0,0,0,,
1.25567,0,0,0,,
1.26066,0,0,0,,
1.2657,0,0,0,,
1.2706,0,0,0,,
1.27565,0,0,0,,
1.28067,0,0,0,,
1.28559,0,0,0,,
1.2906,0,0,0,,
1.29571,0,0,0,,
1.30059,0,0,0,,
1.30558,0,0,0,,
1.31058,0,0,0,,
1.31557,0,0,0,,
1.32061,0,0,0,,
1.32568,0,0,0,,
1.33057,0,0,0,,
1.33565,0,0,0,,
1.34068,0,0,0,,
1.34559,0,0,0,,
1.35059,0,0,0,,
1.3556,0,0,0,,
1.36068,0,0,0,,
1.36566,0,0,0,,
1.37057,0,0,0,,
1.37565,0,0,0,,
1.38066,0,0,0,,
1.38558,0,0,0,,
1.39067,0,0,0,,
1.39568,0,0,0,,
1.40057,0,0,0,,
1.4056,0,0,0,,
1.41067,0,0,0,,
1.41567,0,0,0,,
1.4206,0,0,0,,
1.42572,0,0,0,,
1.43059,0,0,0,,
1.43572,0,0,0,,
1.44062,0,0,0,,
1.4456,0,0,0,,
1.45059,0,0,0,,
1.45559,0,0,0,,
1.46069,0,0,0,,
1.46559,0,0,0,,
1.4706,0,0,0,,
1.47559,0,0,0,,
1.48076,0,0,0,,
1.48571,0,0,0,,
1.49061,0,0,0,,
1.49562,0,0,0,,
1.50067,0,0,0,,
1.50565,0,0,0,,
1.5106,0,0,0,,
1.51567,0,0,0,,
1.52059,0,0,0,,
1.52557,0,0,0,,
1.53055,0,0,0,,
1.53562,0,0,0,,
1.54058,0,0,0,,
1.54559,0,0,0,,
1.55059,0,0,0,,
1.55558,0,0,0,,
1.56067,0,0,0,,
1.56557,0,0,0,,
1.57059,0,0,0,,
1.57561,0,0,0,,
1.58058,0,0,0,,
1.58558,0,0,0,,
1.5906,0,0,0,,
1.59569,0,0,0,,
1.60059,0,0,0,,
1.60573,0,0,0,,
1.61061,0,0,0,,
1.61557,0,0,0,,
1.62066,0,0,0,,
1.62568,0,0,0,,
1.6306,0,0,0,,
1.6356,0,0,0,,
1.64066,0,0,0,,
1.64567,0,0,0,,
1.65062,0,0,0,,
1.6556,0,0,0,,
1.6607,0,0,0,,
1.66565,0,0,0,,
1.67059,0,0,0,,
1.67562,0,0,0,,
1.6806,0,0,0,,
1.68572,0,0,0,,
1.69057,0,0,0,,
1.69562,0,0,0,,
1.70075,0,0,0,,
1.70571,0,0,0,,
1.71063,0,0,0,,
1.71567,0,0,0,,
1.72058,0,0,0,,
1.7257,0,0,0,,
1.73062,0,0,0,,
1.73558,0,0,0,,
1.74062,0,0,0,,
1.7456,0,0,0,,
1.7506,0,0,0,,
1.75562,0,0,0,,
1.76068,0,0,0,,
1.76566,0,0,0,,
1.7706,0,0,0,,
1.77573,0,0,0,,
1.78061,0,0,0,,
1.78565,0,0,0,,
1.79061,0,0,0,,
1.79572,0,0,0,,
1.80058,0,0,0,,
1.80559,0,0,0,,
1.81061,0,0,0,,
1.81566,0,0,0,,
1.82061,0,0,0,,
1.82569,0,0,0,,
1.83051,0,0,0,,
1.83572,0,0,0,,
1.84073,0,0,0,,
1.84567,0,0,0,,
1.85059,0,0,0,,
1.85571,0,0,0,,
1.86078,0,0,0,,
1.86569,0,0,0,,
1.87062,0,0,0,,
1.87564,0,0,0,,
1.88064,0,0,0,,
1.88572,0,0,0,,
1.89061,0,0,0,,
1.89559,0,0,0,,
1.90061,0,0,0,,
1.90567,0,0,0,,
1.91061,0,0,0,,
1.91567,0,0,0,,
1.92061,0,0,0,,
1.9257,0,0,0,,
1.93062,0,0,0,,
1.93567,0,0,0,,
1.94071,0,0,0,,
1.94558,0,0,0,,
1.95055,0,0,0,,
1.95559,0,0,0,,
1.96054,0,0,0,,
1.96555,0,0,0,,
1.97058,0,0,0,,
1.97559,0,0,0,,
1.98061,0,0,0,,
1.98559,0,0,0,,
1.9906,0,0,0,,
1.99561,0,0,0,,
2.00057,0,0,0,,
2.00561,0,0,0,,
2.0106,0,0,0,,
2.01558,0,0,0,,
2.02071,0,0,0,,
2.02568,0,0,0,,
2.03058,0,0,0,,
2.03558,0,0,0,,
2.04061,0,0,0,,
2.04561,0,0,0,,
2.05059,0,0,0,,
2.05569,0,0,0,,
2.06059,0,0,0,,
2.06558,0,0,0,,
2.07059,0,0,0,,
2.07571,0,0,0,,
2.0807,0,0,0,,
2.08568,0,0,0,,
2.09061,0,0,0,,
2.09566,0,0,0,,
2.1006,0,0,0,,
2.10568,0,0,0,,
2.11057,0,0,0,,
2.11565,0,0,0,,
2.12065,0,0,0,,
2.12571,0,0,0,,
2.1306,0,0,0,,
2.13564,0,0,0,,
2.14064,0,0,0,,
2.14567,0,0,0,,
2.15059,0,0,0,,
2.15566,0,0,0,,
2.16057,0,0,0,,
2.16555,0,0,0,,
2.17057,0,0,0,,
2.17557,0,0,0,,
2.18059,0,0,0,,
2.18564,0,0,0,,
2.19058,0,0,0,,
2.19567,0,0,0,,
2.20055,0,0,0,,
2.20568,0,0,0,,
2.21061,0,0,0,,
2.21565,0,0,0,,
2.22071,0,0,0,,
2.22571,0,0,0,,
2.23061,0,0,0,,
2.23567,0,0,0,,
2.2407,0,0,0,,
2.2456,0,0,0,,
2.25059,0,0,0,,
2.25568,0,0,0,,
2.26061,0,0,0,,
2.26562,0,0,0,,
2.27061,0,0,0,,
2.27566,0,0,0,,
2.28065,0,0,0,,
2.28571,0,0,0,,
2.29063,0,0,0,,
2.29566,0,0,0,,
2.30072,0,0,0,,
2.30567,0,0,0,,
2.31058,0,0,0,,
2.31568,0,0,0,,
2.3207,0,0,0,,
2.32564,0,0,0,,
2.33059,0,0,0,,
2.33571,0,0,0,,
2.34069,0,0,0,,
2.34568,0,0,0,,
2.3507,0,0,0,,
2.35569,0,0,0,,
2.36067,0,0,0,,
2.36568,0,0,0,,
2.37057,0,0,0,,
2.37554,0,0,0,,
2.38057,0,0,0,,
2.38557,0,0,0,,
2.39054,0,0,0,,
2.39563,0,0,0,,
2.40066,0,0,0,,
2.40568,0,0,0,,
2.41062,0,0,0,,
2.4156,0,0,0,,
2.4207,0,0,0,,
2.42571,0,0,0,,
2.43061,0,0,0,,
2.4357,0,0,0,,
2.4407,0,0,0,,
2.44567,0,0,0,,
2.45061,0,0,0,,
2.4557,0,0,0,,
2.46067,0,0,0,,
2.46559,0,0,0,,
2.47076,0,0,0,,
2.4756,0,0,0,,
2.48071,0,0,0,,
2.48572,0,0,0,,
2.49059,0,0,0,,
2.49571,0,0,0,,
2.50061,0,0,0,,
2.50568,0,0,0,,
2.5106,0,0,0,,
2.51569,0,0,0,,
2.5207,0,0,0,,
2.52556,0,0,0,,
2.53059,0,0,0,,
2.53572,0,0,0,,
2.54071,0,0,0,,
2.54564,0,0,0,,
2.55061,0,0,0,,
2.55568,0,0,0,,
2.56066,0,0,0,,
2.56556,0,0,0,,
2.57057,0,0,0,,
2.57569,0,0,0,,
2.58059,0,0,0,,
2.58556,0,0,0,,
2.59058,0,0,0,,
2.59557,0,0,0,,
2.60057,0,0,0,,
2.60564,0,0,0,,
2.61059,0,0,0,,
2.61566,0,0,0,,
2.62058,0,0,0,,
2.62571,0,0,0,,
2.63063,0,0,0,,
2.63571,0,0,0,,
2.64072,0,0,0,,
2.64566,0,0,0,,
2.65058,0,0,0,,
2.6556,0,0,0,,
2.66069,0,0,0,,
2.6656,0,0,0,,
2.67062,0,0,0,,
2.67564,0,0,0,,
2.68063,0,0,0,,
2.68571,0,0,0,,
2.69061,0,0,0,,
2.69558,0,0,0,,
2.70071,0,0,0,,
2.70571,0,0,0,,
2.71058,0,0,0,,
2.71559,0,0,0,,
2.72069,0,0,0,,
2.72566,0,0,0,,
2.73057,0,0,0,,
2.73561,0,0,0,,
2.74061,0,0,0,,
2.74567,0,0,0,,
2.75058,0,0,0,,
2.75557,0,0,0,,
2.76065,0,0,0,,
2.76567,0,0,0,,
2.77058,0,0,0,,
2.77566,0,0,0,,
2.78067,0,0,0,,
2.78557,0,0,0,,
2.79068,0,0,0,,
2.79562,0,0,0,,
2.80054,0,0,0,,
2.80558,0,0,0,,
2.81056,0,0,0,,
2.81557,0,0,0,,
2.82056,0,0,0,,
2.82564,0,0,0,,
2.83061,0,0,0,,
2.83564,0,0,0,,
2.84066,0,0,0,,
2.84557,0,0,0,,
2.85058,0,0,0,,
2.85569,0,0,0,,
2.86069,0,0,0,,
2.86565,0,0,0,,
2.87058,0,0,0,,
2.87561,0,0,0,,
2.8807,0,0,0,,
2.88558,0,0,0,,
2.8906,0,0,0,,
2.89558,0,0,0,,
2.90065,0,0,0,,
2.9056,0,0,0,,
2.91061,0,0,0,,
2.91558,0,0,0,,
2.9207,0,0,0,,
2.92558,0,0,0,,
2.93057,0,0,0,,
2.93565,0,0,0,,
2.94057,0,0,0,,
2.94558,0,0,0,,
2.9506,0,0,0,,
2.9557,0,0,0,,
2.96059,0,0,0,,
2.96559,0,0,0,,
2.97056,0,0,0,,
2.97557,0,0,0,,
2.98058,0,0,0,,
2.98569,0,0,0,,
2.9906,0,0,0,,
2.9957,0,0,0,,
3.00057,0,0,0,,
3.00558,0,0,0,,
3.01054,0,0,0,,
3.01556,0,0,0,,
3.02057,0,0,0,,
3.02565,0,0,0,,
3.03057,0,0,0,,
3.03565,0,0,0,,
3.04072,0,0,0,,
3.04561,0,0,0,,
3.0506,0,0,0,,
3.05569,0,0,0,,
3.06069,0,0,0,,
3.06565,0,0,0,,
3.07058,0,0,0,,
3.07559,0,0,0,,
3.08071,0,0,0,,
3.08557,0,0,0,,
3.09057,0,0,0,,
3.09565,0,0,0,,
3.10067,0,0,0,,
3.10561,0,0,0,,
3.1106,0,0,0,,
3.11558,0,0,0,,
3.12069,0,0,0,,
3.12567,0,0,0,,
3.13061,0,0,0,,
3.13572,0,0,0,,
3.14071,0,0,0,,
3.14564,0,0,0,,
3.15055,0,0,0,,
3.15556,0,0,0,,
3.16066,0,0,0,,
3.16569,0,0,0,,
3.1706,0,0,0,,
3.17575,0,0,0,,
3.18063,0,0,0,,
3.18569,0,0,0,,
3.19056,0,0,0,,
3.19571,0,0,0,,
3.2007,0,0,0,,
3.20566,0,0,0,,
3.21058,0,0,0,,
3.21555,0,0,0,,
3.22054,0,0,0,,
3.22556,0,0,0,,
3.23055,0,0,0,,
3.23556,0,0,0,,
3.24058,0,0,0,,
3.24558,0,0,0,,
3.25059,0,0,0,,
3.25558,0,0,0,,
3.26077,0,0,0,,
3.2657,0,0,0,,
3.27057,0,0,0,,
3.27562,0,0,0,,
3.28067,0,0,0,,
3.28569,0,0,0,,
3.29059,0,0,0,,
3.29566,0,0,0,,
3.30064,0,0,0,,
3.30564,0,0,0,,
3.31059,0,0,0,,
3.31563,0,0,0,,
3.32065,0,0,0,,
3.32558,0,0,0,,
3.33055,0,0,0,,
3.33569,0,0,0,,
3.34067,0,0,0,,
3.34556,0,0,0,,
3.35061,0,0,0,,
3.35569,0,0,0,,
3.36068,0,0,0,,
3.36557,0,0,0,,
3.3706,0,0,0,,
3.37561,0,0,0,,
3.38066,0,0,0,,
3.3856,0,0,0,,
3.3906,0,0,0,,
3.3957,0,0,0,,
3.4007,0,0,0,,
3.4056,0,0,0,,
3.41059,0,0,0,,
3.41559,0,0,0,,
3.42071,0,0,0,,
3.42555,0,0,0,,
3.43053,0,0,0,,
3.43557,0,0,0,,
3.44056,0,0,0,,
3.44556,0,0,0,,
3.45058,0,0,0,,
3.45569,0,0,0,,
3.46067,0,0,0,,
3.46563,0,0,0,,
3.47055,0,0,0,,
3.47562,0,0,0,,
3.48071,0,0,0,,
3.48557,0,0,0,,
3.4906,0,0,0,,
3.49564,0,0,0,,
3.50058,0,0,0,,
3.50558,0,0,0,,
3.51064,0,0,0,,
3.51567,0,0,0,,
3.52069,0,0,0,,
3.52571,0,0,0,,
3.5306,0,0,0,,
3.53563,0,0,0,,
3.54068,0,0,0,,
3.54565,0,0,0,,
3.55057,0,0,0,,
3.55569,0,0,0,,
3.56073,0,0,0,,
3.56569,0,0,0,,
3.5706,0,0,0,,
3.57568,0,0,0,,
3.58063,0,0,0,,
3.5857,0,0,0,,
3.59059,0,0,0,,
3.59569,0,0,0,,
3.6007,0,0,0,,
3.60571,0,0,0,,
3.61057,0,0,0,,
3.61568,0,0,0,,
3.62068,0,0,0,,
3.62557,0,0,0,,
3.6306,0,0,0,,
3.63567,0,0,0,,
3.64056,0,0,0,,
3.64553,0,0,0,,
3.65057,0,0,0,,
3.65558,0,0,0,,
3.66055,0,0,0,,
3.66559,0,0,0,,
3.67057,0,0,0,,
3.67558,0,0,0,,
3.6807,0,0,0,,
3.68557,0,0,0,,
3.69059,0,0,0,,
3.69557,0,0,0,,
3.70066,0,0,0,,
3.70571,0,0,0,,
3.7106,0,0,0,,
3.71559,0,0,0,,
3.72057,0,0,0,,
3.72566,0,0,0,,
3.73059,0,0,0,,
3.73563,0,0,0,,
3.7407,0,0,0,,
3.74565,0,0,0,,
3.75055,0,0,0,,
3.75567,0,0,0,,
3.76068,0,0,0,,
3.76556,0,0,0,,
3.77057,0,0,0,,
3.77565,0,0,0,,
3.78069,0,0,0,,
3.78567,0,0,0,,
3.79059,0,0,0,,
3.79563,0,0,0,,
3.80057,0,0,0,,
3.80568,0,0,0,,
3.81057,0,0,0,,
3.81566,0,0,0,,
3.82067,0,0,0,,
3.82565,0,0,0,,
3.83055,0,0,0,,
3.83569,0,0,0,,
3.8407,0,0,0,,
3.84561,0,0,0,,
3.85067,0,0,0,,
3.85552,0,0,0,,
3.86052,0,0,0,,
3.86553,0,0,0,,
3.87054,0,0,0,,
3.87555,0,0,0,,
3.88058,0,0,0,,
3.88568,0,0,0,,
3.89056,0,0,0,,
3.89558,0,0,0,,
3.90059,0,0,0,,
3.90555,0,0,0,,
3.91057,0,0,0,,
3.91571,0,0,0,,
3.9206,0,0,0,,
3.92566,0,0,0,,
3.93057,0,0,0,,
3.93563,0,0,0,,
3.94069,0,0,0,,
3.94559,0,0,0,,
3.95057,0,0,0,,
3.95569,0,0,0,,
3.96066,0,0,0,,
3.96571,0,0,0,,
3.97057,0,0,0,,
3.97559,0,0,0,,
3.98065,0,0,0,,
3.98557,0,0,0,,
3.99057,0,0,0,,
3.99558,0,0,0,,
4.00069,0,0,0,,
4.00563,0,0,0,,
4.01057,0,0,0,,
4.01558,0,0,0,,
4.02068,0,0,0,,
4.02558,0,0,0,,
4.03056,0,0,0,,
4.03557,0,0,0,,
4.0407,0,0,0,,
4.04557,0,0,0,,
4.05056,0,0,0,,
4.05569,0,0,0,,
4.06068,0,0,0,,
4.06555,0,0,0,,
4.07052,0,0,0,,
4.07558,0,0,0,,
4.08063,0,0,0,,
4.08556,0,0,0,,
4.09057,0,0,0,,
4.09564,0,0,0,,
4.10068,0,0,0,,
4.10557,0,0,0,,
4.11057,0,0,0,,
4.11563,0,0,0,,
4.12068,0,0,0,,
4.12558,0,0,0,,
4.13057,0,0,0,,
4.13566,0,0,0,,
4.14068,0,0,0,,
4.1457,0,0,0,,
4.15058,0,0,0,,
4.15556,0,0,0,,
4.16056,0,0,0,,
4.16563,0,0,0,,
4.17056,0,0,0,,
4.17559,0,0,0,,
4.18067,0,0,0,,
4.18562,0,0,0,,
4.19058,0,0,0,,
4.19564,0,0,0,,
4.20057,0,0,0,,
4.20568,0,0,0,,
4.21057,0,0,0,,
4.21555,0.5,0,0,,
4.22069,0.5,0,0,,
4.22578,0.5,0,0,,
4.23057,0.5,0,0,,
4.23569,0.5,0,0,,
4.24069,0.5,0,0,,
4.24564,0.5,0,0,,
4.2506,0.5,0,0,,
4.25569,0.5,0,0,,
4.26062,0.5,0,0,,
4.26563,0.5,0,0,,
4.27056,0.5,0,0,,
4.27556,0.5,0,0,,
4.28052,0.5,0.0707436,0.00227982,,0.06497
4.28556,0.5,0.0707436,0.00227982,,
4.29056,0.5,0.0707436,0.00227982,,
4.29555,0.5,0.0707436,0.00227982,,
4.30064,0.5,0.0707436,0.00227982,,
4.30564,0.5,0.0707436,0.00227982,,
4.31055,0.5,0.189612,0.00819941,,
4.31562,0.5,0.189612,0.00819941,,
4.32058,0.5,0.189612,0.00819941,,
4.32568,0.5,0.189612,0.00819941,,
4.33059,0.5,0.189612,0.00819941,,
4.33568,0.5,0.189612,0.00819941,,
4.34069,0.5,0.189612,0.00819941,,
4.34556,0.5,0.280729,0.0169636,,
4.35058,0.5,0.280729,0.0169636,,
4.35567,0.5,0.280729,0.0169636,,
4.36066,0.5,0.280729,0.0169636,,
4.36567,0.5,0.280729,0.0169636,,
4.37056,0.5,0.280729,0.0169636,,
4.37567,0.5,0.344574,0.028068,,
4.38058,0.5,0.344574,0.028068,,
4.38557,0.5,0.344574,0.028068,,
4.39059,0.5,0.344574,0.028068,,
4.39568,0.5,0.344574,0.028068,,
4.40064,0.5,0.344574,0.028068,,
4.40569,0.5,0.389972,0.0402427,,
4.41059,0.5,0.389972,0.0402427,,
4.41563,0.5,0.389972,0.0402427,,
4.42068,0.5,0.389972,0.0402427,,
4.42563,0.5,0.389972,0.0402427,,
4.43067,0.5,0.389972,0.0402427,,
4.43555,0.5,0.421093,0.053389,,
4.44057,0.5,0.421093,0.053389,,
4.44562,0.5,0.421093,0.053389,,
4.45056,0.5,0.421093,0.053389,,
4.45567,0.5,0.421093,0.053389,,
4.46078,0.5,0.421093,0.053389,,
4.46566,0.5,0.421093,0.053389,,
4.47059,0.5,0.442589,0.0672064,,
4.47564,0.5,0.442589,0.0672064,,
4.48065,0.5,0.442589,0.0672064,,
4.48555,0.5,0.442589,0.0672064,,
4.49052,0.5,0.442589,0.0672064,,
4.49555,0.5,0.442589,0.0672064,,
4.50057,0.5,0.459111,0.0820019,,
4.50555,0.5,0.459111,0.0820019,,
4.51052,0.5,0.459111,0.0820019,,
4.51564,0.5,0.459111,0.0820019,,
4.52067,0.5,0.459111,0.0820019,,
4.52565,0.5,0.459111,0.0820019,,
4.53055,0.5,0.469538,0.0966607,,
4.53563,0.5,0.469538,0.0966607,,
4.54069,0.5,0.469538,0.0966607,,
4.54562,0.5,0.469538,0.0966607,,
4.55057,0.5,0.469538,0.0966607,,
4.55565,0.5,0.469538,0.0966607,,
4.56064,0.5,0.475955,0.11152,,
4.56561,0.5,0.475955,0.11152,,
4.57055,0.5,0.475955,0.11152,,
4.57556,0.5,0.475955,0.11152,,
4.58058,0.5,0.475955,0.11152,,
4.58562,0.5,0.475955,0.11152,,
4.59058,0.5,0.475955,0.11152,,
4.59568,0.5,0.483816,0.127111,,
4.60057,0.5,0.483816,0.127111,,
4.60568,0.5,0.483816,0.127111,,
4.61058,0.5,0.483816,0.127111,,
4.61568,0.5,0.483816,0.127111,,
4.62068,0.5,0.483816,0.127111,,
4.62568,0.5,0.488468,0.141869,,
4.63056,0.5,0.488468,0.141869,,
4.63556,0.5,0.488468,0.141869,,
4.64067,0.5,0.488468,0.141869,,
4.64565,0.5,0.488468,0.141869,,
4.65058,0.5,0.488468,0.141869,,
4.65554,0.5,0.491195,0.157699,,
4.66064,0.5,0.491195,0.157699,,
4.66558,0.5,0.491195,0.157699,,
4.67057,0.5,0.491195,0.157699,,
4.67558,0.5,0.491195,0.157699,,
4.68068,0.5,0.491195,0.157699,,
4.68553,0.5,0.494403,0.173134,,
4.69058,0.5,0.494403,0.173134,,
4.69554,0.5,0.494403,0.173134,,
4.70054,0.5,0.494403,0.173134,,
4.70552,0.5,0.494403,0.173134,,
4.71054,0.5,0.494403,0.173134,,
4.71555,0.5,0.494403,0.173134,,
4.72055,0.5,0.495526,0.189103,,
4.72556,0.5,0.495526,0.189103,,
4.73055,0.5,0.495526,0.189103,,
4.73555,0.5,0.495526,0.189103,,
4.74055,0.5,0.495526,0.189103,,
4.74563,0.5,0.495526,0.189103,,
4.75058,0.5,0.496328,0.204098,,
4.75564,0.5,0.496328,0.204098,,
4.76065,0.5,0.496328,0.204098,,
4.76565,0.5,0.496328,0.204098,,
4.77058,0.5,0.496328,0.204098,,
4.77568,0.5,0.496328,0.204098,,
4.78068,0.5,0.497611,0.219633,,
4.78564,0.5,0.497611,0.219633,,
4.79055,0.5,0.497611,0.219633,,
4.79558,0.5,0.497611,0.219633,,
4.80067,0.5,0.497611,0.219633,,
4.80569,0.5,0.497611,0.219633,,
4.81053,0.5,0.498574,0.2357,,
4.81565,0.5,0.498574,0.2357,,
4.82055,0.5,0.498574,0.2357,,
4.82558,0.5,0.498574,0.2357,,
4.83057,0.5,0.498574,0.2357,,
4.83569,0.5,0.498574,0.2357,,
4.84074,0.5,0.498574,0.2357,,
4.84557,0.5,0.499697,0.251301,,
4.85056,0.5,0.499697,0.251301,,
4.85567,0.5,0.499697,0.251301,,
4.86062,0.5,0.499697,0.251301,,
4.86569,0.5,0.499697,0.251301,,
4.87058,0.5,0.499697,0.251301,,
4.87556,0.5,0.499376,0.267394,,
4.88053,0.5,0.499376,0.267394,,
4.88562,0.5,0.499376,0.267394,,
4.89057,0.5,0.499376,0.267394,,
4.89567,0.5,0.499376,0.267394,,
4.90058,0.5,0.499376,0.267394,,
4.90565,0.5,0.498734,0.282462,,
4.91057,0.5,0.498734,0.282462,,
4.91552,0.5,0.498734,0.282462,,
4.92055,0.5,0.498734,0.282462,,
4.92551,0.5,0.498734,0.282462,,
4.93053,0.5,0.498734,0.282462,,
4.93553,0.5,0.498734,0.282462,,
4.94054,0.5,0.499376,0.299058,,
4.94558,0.5,0.499376,0.299058,,
4.95057,0.5,0.499376,0.299058,,
4.95567,0.5,0.499376,0.299058,,
4.96057,0.5,0.499376,0.299058,,
4.96569,0.5,0.499376,0.299058,,
4.97057,0.5,0.498413,0.314618,,
4.97555,0.5,0.498413,0.314618,,
4.98065,0.5,0.498413,0.314618,,
4.98556,0.5,0.498413,0.314618,,
4.99058,0.5,0.498413,0.314618,,
4.99567,0.5,0.498413,0.314618,,
5.00054,0.5,0.498734,0.33069,,
5.00568,0.5,0.498734,0.33069,,
5.01056,0.5,0.498734,0.33069,,
5.01555,0.5,0.498734,0.33069,,
5.02066,0.5,0.498734,0.33069,,
5.02567,0.5,0.498734,0.33069,,
5.03056,0.5,0.498734,0.33069,,
5.03555,0.5,0.499536,0.346789,,
5.04065,0.5,0.499536,0.346789,,
5.04564,0.5,0.499536,0.346789,,
5.05058,0.5,0.499536,0.346789,,
5.05567,0.5,0.499536,0.346789,,
5.06066,0.5,0.499536,0.346789,,
5.06555,0.5,0.499215,0.361871,,
5.07056,0.5,0.499215,0.361871,,
5.07567,0.5,0.499215,0.361871,,
5.08068,0.5,0.499215,0.361871,,
5.0857,0.5,0.499215,0.361871,,
5.09055,0.5,0.499215,0.361871,,
5.09554,0.5,0.499857,0.378483,,
5.10061,0.5,0.499857,0.378483,,
5.10553,0.5,0.499857,0.378483,,
5.11054,0.5,0.499857,0.378483,,
5.11555,0.5,0.499857,0.378483,,
5.12053,0.5,0.499857,0.378483,,
5.12553,0.5,0.499536,0.394079,,
5.13052,0.5,0.499536,0.394079,,
5.13556,0.5,0.499536,0.394079,,
5.1406,0.5,0.499536,0.394079,,
5.14553,0.5,0.499536,0.394079,,
5.15054,0.5,0.499536,0.394079,,
5.15563,0.5,0.499536,0.394079,,
5.16054,0.5,0.499697,0.410182,,
5.16563,0.5,0.499697,0.410182,,
5.17057,0.5,0.499697,0.410182,,
5.17561,0.5,0.499697,0.410182,,
5.18067,0.5,0.499697,0.410182,,
5.18561,0.5,0.499697,0.410182,,
5.19054,0.5,0.499536,0.42628,,
5.19557,0.5,0.499536,0.42628,,
5.20058,0.5,0.499536,0.42628,,
5.20569,0.5,0.499536,0.42628,,
5.21056,0.5,0.499536,0.42628,,
5.21567,0.5,0.499536,0.42628,,
5.22056,0.5,0.499536,0.42628,,
5.22557,0.5,0.499857,0.442389,,
5.23058,0.5,0.499857,0.442389,,
5.23567,0.5,0.499857,0.442389,,
5.24063,0.5,0.499857,0.442389,,
5.24555,0.5,0.499857,0.442389,,
5.25064,0.5,0.499857,0.442389,,
5.25561,0.5,0.500018,0.457999,,
5.26069,0.5,0.500018,0.457999,,
5.26566,0.5,0.500018,0.457999,,
5.27058,0.5,0.500018,0.457999,,
5.27561,0.5,0.500018,0.457999,,
5.28064,0.5,0.500018,0.457999,,
5.28552,0.5,0.499857,0.474611,,
5.29064,0.5,0.499857,0.474611,,
5.29566,0.5,0.499857,0.474611,,
5.30069,0.5,0.499857,0.474611,,
5.30568,0.5,0.499857,0.474611,,
5.31066,0.5,0.499857,0.474611,,
5.31556,0.5,0.499857,0.474611,,
5.32068,0.5,0.500178,0.490227,,
5.32565,0.5,0.500178,0.490227,,
5.33058,0.5,0.500178,0.490227,,
5.33562,0.5,0.500178,0.490227,,
5.34051,0.5,0.500178,0.490227,,
5.34557,0.5,0.500178,0.490227,,
5.35054,0.5,0.500499,0.506356,,
5.35557,0.5,0.500499,0.506356,,
5.36069,0.5,0.500499,0.506356,,
5.36562,0.5,0.500499,0.506356,,
5.37057,0.5,0.500499,0.506356,,
5.37562,0.5,0.500499,0.506356,,
5.38055,0.5,0.500499,0.506356,,
5.38567,0.5,0.500178,0.522475,,
5.39058,0.5,0.500178,0.522475,,
5.39557,0.5,0.500178,0.522475,,
5.40068,0.5,0.500178,0.522475,,
5.40561,0.5,0.500178,0.522475,,
5.41058,0.5,0.500178,0.522475,,
5.41553,0.5,0.499697,0.538579,,
5.42055,0.5,0.499697,0.538579,,
5.42567,0.5,0.499697,0.538579,,
5.43057,0.5,0.499697,0.538579,,
5.43561,0.5,0.499697,0.538579,,
5.44057,0.5,0.499697,0.538579,,
5.44554,0.5,0.499857,0.554184,,
5.45052,0.5,0.499857,0.554184,,
5.4556,0.5,0.499857,0.554184,,
5.46057,0.5,0.499857,0.554184,,
5.46563,0.5,0.499857,0.554184,,
5.47054,0.5,0.499857,0.554184,,
5.47567,0.5,0.499857,0.554184,,
5.48068,0.5,0.501141,0.570334,,
5.48566,0.5,0.501141,0.570334,,
5.49058,0.5,0.501141,0.570334,,
5.49558,0.5,0.501141,0.570334,,
5.50061,0.5,0.501141,0.570334,,
5.50561,0.5,0.501141,0.570334,,
5.51059,0.5,0.500018,0.586448,,
5.51557,0.5,0.500018,0.586448,,
5.52068,0.5,0.500018,0.586448,,
5.52563,0.5,0.500018,0.586448,,
5.53055,0.5,0.500018,0.586448,,
5.53563,0.5,0.500018,0.586448,,
5.54054,0.5,0.499536,0.602546,,
5.54554,0.5,0.499536,0.602546,,
5.5572,0.5,0.499536,0.602546,,
5.56053,0.5,0.499536,0.602546,,
5.56554,0.5,0.499536,0.602546,,
5.5705,0.5,0.499697,0.618146,,
5.57554,0.5,0.499697,0.618146,,
5.58054,0.5,0.499697,0.618146,,
5.58554,0.5,0.499697,0.618146,,
5.59056,0.5,0.499697,0.618146,,
5.59554,0.5,0.499697,0.618146,,
5.60064,0.5,0.499697,0.618146,,
5.60556,0.5,0.500659,0.633776,,
5.61055,0.5,0.500659,0.633776,,
5.61557,0.5,0.500659,0.633776,,
5.62055,0.5,0.500659,0.633776,,
5.62554,0.5,0.500659,0.633776,,
5.63057,0.5,0.500659,0.633776,,
5.63554,0.5,0.498895,0.649854,,
5.64067,0.5,0.498895,0.649854,,
5.64552,0.5,0.498895,0.649854,,
5.65058,0.5,0.498895,0.649854,,
5.65569,0.5,0.498895,0.649854,,
5.66065,0.5,0.498895,0.649854,,
5.66553,0.5,0.498895,0.649854,,
5.67057,0.5,0.500018,0.665968,,
5.67564,0.5,0.500018,0.665968,,
5.68067,0.5,0.500018,0.665968,,
5.68554,0.5,0.500018,0.665968,,
5.69058,0.5,0.500018,0.665968,,
5.69567,0.5,0.500018,0.665968,,
5.70055,0.5,0.500338,0.681588,,
5.70566,0.5,0.500338,0.681588,,
5.71057,0.5,0.500338,0.681588,,
5.71564,0.5,0.500338,0.681588,,
5.72054,0.5,0.500338,0.681588,,
5.72564,0.5,0.500338,0.681588,,
5.73055,0.5,0.500178,0.697707,,
5.73565,0.5,0.500178,0.697707,,
5.74063,0.5,0.500178,0.697707,,
5.74563,0.5,0.500178,0.697707,,
5.75056,0.5,0.500178,0.697707,,
5.75566,0.5,0.500178,0.697707,,
5.76048,0.5,0.500178,0.697707,,
5.76556,0.5,0.499697,0.713307,,
5.77053,0.5,0.499697,0.713307,,
5.7755,0.5,0.499697,0.713307,,
5.78057,0.5,0.499697,0.713307,,
5.78554,0.5,0.499697,0.713307,,
5.79054,0.5,0.499697,0.713307,,
5.79553,0.5,0.498895,0.729385,,
5.80053,0.5,0.498895,0.729385,,
5.80566,0.5,0.498895,0.729385,,
5.81054,0.5,0.498895,0.729385,,
5.81556,0.5,0.498895,0.729385,,
5.82054,0.5,0.498895,0.729385,,
5.82553,0.5,0.499536,0.745483,,
5.83056,0.5,0.499536,0.745483,,
5.83557,0.5,0.499536,0.745483,,
5.84056,0.5,0.499536,0.745483,,
5.84564,0.5,0.499536,0.745483,,
5.85054,0.5,0.499536,0.745483,,
5.85551,0.5,0.499697,0.761084,,
5.86055,0.5,0.499697,0.761084,,
5.86568,0.5,0.499697,0.761084,,
5.87057,0.5,0.499697,0.761084,,
5.8756,0.5,0.499697,0.761084,,
5.88064,0.5,0.499697,0.761084,,
5.88566,0.5,0.499697,0.761084,,
5.89054,0.5,0.500338,0.777208,,
5.89557,0.5,0.500338,0.777208,,
5.90055,0.5,0.500338,0.777208,,
5.90567,0.5,0.500338,0.777208,,
5.91058,0.5,0.500338,0.777208,,
5.91555,0.5,0.500338,0.777208,,
5.92071,0.5,0.500499,0.792833,,
5.92565,0.5,0.500499,0.792833,,
5.93057,0.5,0.500499,0.792833,,
5.93556,0.5,0.500499,0.792833,,
5.94067,0.5,0.500499,0.792833,,
5.94557,0.5,0.500499,0.792833,,
5.95045,0.5,0.500178,0.808952,,
5.95557,0.5,0.500178,0.808952,,
5.96064,0.5,0.500178,0.808952,,
5.96552,0.5,0.500178,0.808952,,
5.97056,0.5,0.500178,0.808952,,
5.97562,0.5,0.500178,0.808952,,
5.98062,0.5,0.500178,0.808952,,
5.98552,0.5,0.499857,0.825061,,
5.9905,0.5,0.499857,0.825061,,
5.99553,0.5,0.499857,0.825061,,
6.00059,0.5,0.499857,0.825061,,
6.00567,0.5,0.499857,0.825061,,
6.01057,0.5,0.499857,0.825061,,
6.01559,0.5,0.499376,0.841154,,
6.02066,0.5,0.499376,0.841154,,
6.02559,0.5,0.499376,0.841154,,
6.03055,0.5,0.499376,0.841154,,
6.03565,0.5,0.499376,0.841154,,
6.04068,0.5,0.499376,0.841154,,
6.04563,0.5,0.499376,0.841154,,
6.0506,0.5,0.499697,0.857257,,
6.05562,0.5,0.499697,0.857257,,
6.06063,0.5,0.499697,0.857257,,
6.06553,0.5,0.499697,0.857257,,
6.07056,0.5,0.499697,0.857257,,
6.07568,0.5,0.499697,0.857257,,
6.08062,0.5,0.500178,0.873376,,
6.08557,0.5,0.500178,0.873376,,
6.09054,0.5,0.500178,0.873376,,
6.09565,0.5,0.500178,0.873376,,
6.10062,0.5,0.500178,0.873376,,
6.10567,0.5,0.500178,0.873376,,
6.11053,0.5,0.498895,0.888952,,
6.11564,0.5,0.498895,0.888952,,
6.12057,0.5,0.498895,0.888952,,
6.12564,0.5,0.498895,0.888952,,
6.13058,0.5,0.498895,0.888952,,
6.13566,0.5,0.498895,0.888952,,
6.14066,0.5,0.498895,0.888952,,
6.1456,0.5,0.499376,0.905045,,
6.15054,0.5,0.499376,0.905045,,
6.15554,0.5,0.499376,0.905045,,
6.16065,0.5,0.499376,0.905045,,
6.16565,0.5,0.499376,0.905045,,
6.17056,0.5,0.499376,0.905045,,
6.17559,0.5,0.499055,0.921128,,
6.18062,0.5,0.499055,0.921128,,
6.18563,0.5,0.499055,0.921128,,
6.19054,0.5,0.499055,0.921128,,
6.19553,0.5,0.499055,0.921128,,
6.20052,0.5,0.499055,0.921128,,
6.20554,0.5,0.500178,0.936743,,
6.2105,0.5,0.500178,0.936743,,
6.21555,0.5,0.500178,0.936743,,
6.22059,0.5,0.500178,0.936743,,
6.22561,0.5,0.500178,0.936743,,
6.23057,0.5,0.500178,0.936743,,
6.23568,0.5,0.500178,0.936743,,
6.2406,0.5,0.50082,0.953387,,
6.24556,0.5,0.50082,0.953387,,
6.25054,0.5,0.50082,0.953387,,
6.25564,0.5,0.50082,0.953387,,
6.26064,0.5,0.50082,0.953387,,
6.26566,0.5,0.50082,0.953387,,
6.27052,0.5,0.499697,0.968987,,
6.2756,0.5,0.499697,0.968987,,
6.28056,0.5,0.499697,0.968987,,
6.28565,0.5,0.499697,0.968987,,
6.29056,0.5,0.499697,0.968987,,
6.29565,0.5,0.499697,0.968987,,
6.30054,0.5,0.499697,0.968987,,
6.3056,0.5,0.499857,0.985096,,
6.31059,0.5,0.499857,0.985096,,
6.31561,0.5,0.499857,0.985096,,
6.32066,0.5,0.499857,0.985096,,
6.32557,0.5,0.499857,0.985096,,
6.33057,0.5,0.499857,0.985096,,
6.3356,0.5,0.500338,1.00122,,
6.3406,0.5,0.500338,1.00122,,
6.3456,0.5,0.500338,1.00122,,
6.35056,0.5,0.500338,1.00122,,
6.35563,0.5,0.500338,1.00122,,
6.36064,0.5,0.500338,1.00122,,
6.36554,0.5,0.500018,1.01683,,
6.37054,0.5,0.500018,1.01683,,
6.37553,0.5,0.500018,1.01683,,
6.38065,0.5,0.500018,1.01683,,
6.38555,0.5,0.500018,1.01683,,
6.39057,0.5,0.500018,1.01683,,
6.39556,0.5,0.500018,1.01683,,
6.4006,0.5,0.500338,1.03295,,
6.40555,0.5,0.500338,1.03295,,
6.4105,0.5,0.500338,1.03295,,
6.41552,0.5,0.500338,1.03295,,
6.42062,0.5,0.500338,1.03295,,
6.42559,0.5,0.500338,1.03295,,
6.43053,0.5,0.500018,1.04907,,
6.43561,0.5,0.500018,1.04907,,
6.44066,0.5,0.500018,1.04907,,
6.44562,0.5,0.500018,1.04907,,
6.45056,0.5,0.500018,1.04907,,
6.45561,0.5,0.500018,1.04907,,
6.46061,0.5,0.500499,1.0652,,
6.46563,0.5,0.500499,1.0652,,
6.47056,0.5,0.500499,1.0652,,
6.47561,0.5,0.500499,1.0652,,
6.48063,0.5,0.500499,1.0652,,
6.48566,0.5,0.500499,1.0652,,
6.49056,0.5,0.500499,1.0652,,
6.49556,0.5,0.500499,1.08133,,
6.5006,0.5,0.500499,1.08133,,
6.50554,0.5,0.500499,1.08133,,
6.51057,0.5,0.500499,1.08133,,
6.51561,0.5,0.500499,1.08133,,
6.52062,0.5,0.500499,1.08133,,
6.52563,0.5,0.499376,1.09692,,
6.53056,0.5,0.499376,1.09692,,
6.5356,0.5,0.499376,1.09692,,
6.54067,0.5,0.499376,1.09692,,
6.54562,0.5,0.499376,1.09692,,
6.55056,0.5,0.499376,1.09692,,
6.5556,0.5,0.500018,1.11253,,
6.56065,0.5,0.500018,1.11253,,
6.56555,0.5,0.500018,1.11253,,
6.57057,0.5,0.500018,1.11253,,
6.57559,0.5,0.500018,1.11253,,
6.58062,0.5,0.500018,1.11253,,
6.58552,0.5,0.499376,1.12761,,
6.59056,0.5,0.499376,1.12761,,
6.59562,0.5,0.499376,1.12761,,
6.60066,0.5,0.499376,1.12761,,
6.60567,0.5,0.499376,1.12761,,
6.61056,0.5,0.499376,1.12761,,
6.6155,0.5,0.499697,1.14322,,
6.6205,0.5,0.499697,1.14322,,
6.62549,0.5,0.499697,1.14322,,
6.63052,0.5,0.499697,1.14322,,
6.63552,0.5,0.499697,1.14322,,
6.64052,0.5,0.499697,1.14322,,
6.64552,0.5,0.499697,1.14322,,
6.65052,0.5,0.500338,1.15884,,
6.65558,0.5,0.500338,1.15884,,
6.66064,0.5,0.500338,1.15884,,
6.66562,0.5,0.500338,1.15884,,
6.67055,0.5,0.500338,1.15884,,
6.67558,0.5,0.500338,1.15884,,
6.68059,0.5,0.500178,1.17445,,
6.68566,0.5,0.500178,1.17445,,
6.69053,0.5,0.500178,1.17445,,
6.69567,0.5,0.500178,1.17445,,
6.70056,0.5,0.500178,1.17445,,
6.70562,0.5,0.500178,1.17445,,
6.71053,0.5,0.500659,1.18958,,
6.71562,0.5,0.500659,1.18958,,
6.72065,0.5,0.500659,1.18958,,
6.72561,0.5,0.500659,1.18958,,
6.73056,0.5,0.500659,1.18958,,
6.73567,0.5,0.500659,1.18958,,
6.74065,0.5,0.499376,1.20517,,
6.7456,0.5,0.499376,1.20517,,
6.75053,0.5,0.499376,1.20517,,
6.75565,0.5,0.499376,1.20517,,
6.76063,0.5,0.499376,1.20517,,
6.76562,0.5,0.499376,1.20517,,
6.77052,0.5,0.500018,1.22128,,
6.77561,0.5,0.500018,1.22128,,
6.78061,0.5,0.500018,1.22128,,
6.78563,0.5,0.500018,1.22128,,
6.79056,0.5,0.500018,1.22128,,
6.79565,0.5,0.500018,1.22128,,
6.8005,0.5,0.500018,1.22128,,
6.80562,0.5,0.499697,1.23688,,
6.81055,0.5,0.499697,1.23688,,
6.81565,0.5,0.499697,1.23688,,
6.82055,0.5,0.499697,1.23688,,
6.82567,0.5,0.499697,1.23688,,
6.83051,0.5,0.499697,1.23688,,
6.83549,0.5,0.499697,1.25248,,
6.84053,0.5,0.499697,1.25248,,
6.84552,0.5,0.499697,1.25248,,
6.85053,0.5,0.499697,1.25248,,
6.85563,0.5,0.499697,1.25248,,
6.8606,0.5,0.499697,1.25248,,
6.86559,0.5,0.499376,1.26807,,
6.87052,0.5,0.499376,1.26807,,
6.87553,0.5,0.499376,1.26807,,
6.88061,0.5,0.499376,1.26807,,
6.88565,0.5,0.499376,1.26807,,
6.89057,0.5,0.499376,1.26807,,
6.89563,0.5,0.499376,1.28366,,
6.90063,0.5,0.499376,1.28366,,
6.90566,0.5,0.499376,1.28366,,
6.91056,0.5,0.499376,1.28366,,
6.91565,0.5,0.499376,1.28366,,
6.92062,0.5,0.499376,1.28366,,
6.92567,0.5,0.499857,1.29927,,
6.93054,0.5,0.499857,1.29927,,
6.93565,0.5,0.499857,1.29927,,
6.94065,0.5,0.499857,1.29927,,
6.94562,0.5,0.499857,1.29927,,
6.95056,0.5,0.499857,1.29927,,
6.9555,0.5,0.499697,1.31436,,
6.96051,0.5,0.499697,1.31436,,
6.96562,0.5,0.499697,1.31436,,
6.97055,0.5,0.499697,1.31436,,
6.97555,0.5,0.499697,1.31436,,
6.98055,0.5,0.499697,1.31436,,
6.98555,0.5,0.499697,1.31436,,
6.99055,0.5,0.499536,1.32996,,
6.99555,0.5,0.499536,1.32996,,
7.00064,0.5,0.499536,1.32996,,
7.00555,0.5,0.499536,1.32996,,
7.01055,0.5,0.499536,1.32996,,
7.01555,0.5,0.499536,1.32996,,
7.02053,0.5,0.500018,1.34557,,
7.02553,0.5,0.500018,1.34557,,
7.03054,0.5,0.500018,1.34557,,
7.03573,0.5,0.500018,1.34557,,
7.04053,0.5,0.500018,1.34557,,
7.04551,0.5,0.500018,1.34557,,
7.05049,0.5,0.499857,1.36067,,
7.05552,0.5,0.499857,1.36067,,
7.06052,0.5,0.499857,1.36067,,
7.06549,0.5,0.499857,1.36067,,
7.07054,0.5,0.499857,1.36067,,
7.07554,0.5,0.499857,1.36067,,
7.08059,0.5,0.500499,1.3763,,
7.0856,0.5,0.500499,1.3763,,
7.09056,0.5,0.500499,1.3763,,
7.09561,0.5,0.500499,1.3763,,
7.10061,0.5,0.500499,1.3763,,
7.10566,0.5,0.500499,1.3763,,
7.11053,0.5,0.499536,1.39189,,
7.1156,0.5,0.499536,1.39189,,
7.12063,0.5,0.499536,1.39189,,
7.12561,0.5,0.499536,1.39189,,
7.13056,0.5,0.499536,1.39189,,
7.13565,0.5,0.499536,1.39189,,
7.14059,0.5,0.499536,1.39189,,
7.14553,0.5,0.500018,1.40801,,
7.15052,0.5,0.500018,1.40801,,
7.15555,0.5,0.500018,1.40801,,
7.16064,0.5,0.500018,1.40801,,
7.16561,0.5,0.500018,1.40801,,
7.17055,0.5,0.500018,1.40801,,
7.17552,0.5,0.499857,1.42361,,
7.18052,0.5,0.499857,1.42361,,
7.18565,0.5,0.499857,1.42361,,
7.19055,0.5,0.499857,1.42361,,
7.19565,0.5,0.499857,1.42361,,
7.20066,0.5,0.499857,1.42361,,
7.2055,0.5,0.500338,1.43923,,
7.21053,0.5,0.500338,1.43923,,
7.21553,0.5,0.500338,1.43923,,
7.22065,0.5,0.500338,1.43923,,
7.22561,0.5,0.500338,1.43923,,
7.23056,0.5,0.500338,1.43923,,
7.23551,0.5,0.500178,1.45485,,
7.24064,0.5,0.500178,1.45485,,
7.2456,0.5,0.500178,1.45485,,
7.25053,0.5,0.500178,1.45485,,
7.25551,0.5,0.500178,1.45485,,
7.26052,0.5,0.500178,1.45485,,
7.26548,0.5,0.498895,1.47092,,
7.27052,0.5,0.498895,1.47092,,
7.27551,0.5,0.498895,1.47092,,
7.28049,0.5,0.498895,1.47092,,
7.28552,0.5,0.498895,1.47092,,
7.29055,0.5,0.498895,1.47092,,
7.29554,0.5,0.498895,1.47092,,
7.30052,0.5,0.500178,1.48654,,
7.30555,0.5,0.500178,1.48654,,
7.31053,0.5,0.500178,1.48654,,
7.31555,0.5,0.500178,1.48654,,
7.32066,0.5,0.500178,1.48654,,
7.32555,0.5,0.500178,1.48654,,
7.33051,0.5,0.500499,1.50216,,
7.33553,0.5,0.500499,1.50216,,
7.34067,0.5,0.500499,1.50216,,
7.34555,0.5,0.500499,1.50216,,
7.35055,0.5,0.500499,1.50216,,
7.35553,0.5,0.500499,1.50216,,
7.36049,0.5,0.500178,1.51778,,
7.3655,0.5,0.500178,1.51778,,
7.37056,0.5,0.500178,1.51778,,
7.37558,0.5,0.500178,1.51778,,
7.38065,0.5,0.500178,1.51778,,
7.38563,0.5,0.500178,1.51778,,
7.39059,0.5,0.500178,1.51778,,
7.39555,0.5,0.499215,1.53387,,
7.40065,0.5,0.499215,1.53387,,
7.40565,0.5,0.499215,1.53387,,
7.41055,0.5,0.499215,1.53387,,
7.41554,0.5,0.499215,1.53387,,
7.42056,0.5,0.499215,1.53387,,
7.42552,0.5,0.499857,1.54947,,
7.43055,0.5,0.499857,1.54947,,
7.43552,0.5,0.499857,1.54947,,
7.44066,0.5,0.499857,1.54947,,
7.44555,0.5,0.499857,1.54947,,
7.45054,0.5,0.499857,1.54947,,
7.45553,0.5,0.499697,1.56507,,
7.46065,0.5,0.499697,1.56507,,
7.46554,0.5,0.499697,1.56507,,
7.4705,0.5,0.499697,1.56507,,
7.47548,0.5,0.499697,1.56507,,
7.48048,0.5,0.499697,1.56507,,
7.48552,0.5,0.499376,1.58066,,
7.49051,0.5,0.499376,1.58066,,
7.49555,0.5,0.499376,1.58066,,
7.50053,0.5,0.499376,1.58066,,
7.50564,0.5,0.499376,1.58066,,
7.51055,0.5,0.499376,1.58066,,
7.51553,0.5,0.499857,1.59627,,
7.5206,0.5,0.499857,1.59627,,
7.52561,0.5,0.499857,1.59627,,
7.53053,0.5,0.499857,1.59627,,
7.53565,0.5,0.499857,1.59627,,
7.54065,0.5,0.499857,1.59627,,
7.54553,0.5,0.499857,1.59627,,
7.55052,0.5,0.500018,1.61188,,
7.55552,0.5,0.500018,1.61188,,
7.5605,0.5,0.500018,1.61188,,
7.56565,0.5,0.500018,1.61188,,
7.57055,0.5,0.500018,1.61188,,
7.57561,0.5,0.500018,1.61188,,
7.58053,0.5,0.500178,1.62749,,
7.58564,0.5,0.500178,1.62749,,
7.59055,0.5,0.500178,1.62749,,
7.59562,0.5,0.500178,1.62749,,
7.60065,0.5,0.500178,1.62749,,
7.60561,0.5,0.500178,1.62749,,
7.6105,0.5,0.499376,1.64308,,
7.61552,0.5,0.499376,1.64308,,
7.62065,0.5,0.499376,1.64308,,
7.62561,0.5,0.499376,1.64308,,
7.63056,0.5,0.499376,1.64308,,
7.63562,0.5,0.499376,1.64308,,
7.64061,0.5,0.500018,1.65869,,
7.64555,0.5,0.500018,1.65869,,
7.65052,0.5,0.500018,1.65869,,
7.65563,0.5,0.500018,1.65869,,
7.66062,0.5,0.500018,1.65869,,
7.66561,0.5,0.500018,1.65869,,
7.6705,0.5,0.500018,1.65869,,
7.67556,0.5,0.499697,1.67429,,
7.68053,0.5,0.499697,1.67429,,
7.6855,0.5,0.499697,1.67429,,
7.69052,0.5,0.499697,1.67429,,
7.69552,0.5,0.499697,1.67429,,
7.70052,0.5,0.499697,1.67429,,
7.70551,0.5,0.500018,1.6899,,
7.71058,0.5,0.500018,1.6899,,
7.71552,0.5,0.500018,1.6899,,
7.72065,0.5,0.500018,1.6899,,
7.72562,0.5,0.500018,1.6899,,
7.7305,0.5,0.500018,1.6899,,
7.7355,0.5,0.499055,1.70599,,
7.74064,0.5,0.499055,1.70599,,
7.7456,0.5,0.499055,1.70599,,
7.75054,0.5,0.499055,1.70599,,
7.75563,0.5,0.499055,1.70599,,
7.76055,0.5,0.499055,1.70599,,
7.76551,0.5,0.500338,1.72161,,
7.77053,0.5,0.500338,1.72161,,
7.77563,0.5,0.500338,1.72161,,
7.78052,0.5,0.500338,1.72161,,
7.78564,0.5,0.500338,1.72161,,
7.79054,0.5,0.500338,1.72161,,
7.79551,0.5,0.500659,1.73724,,
7.80053,0.5,0.500659,1.73724,,
7.80564,0.5,0.500659,1.73724,,
7.81055,0.5,0.500659,1.73724,,
7.8156,0.5,0.500659,1.73724,,
7.82052,0.5,0.500659,1.73724,,
7.82553,0.5,0.500659,1.73724,,
7.8305,0.5,0.500018,1.75285,,
7.83563,0.5,0.500018,1.75285,,
7.84052,0.5,0.500018,1.75285,,
7.84554,0.5,0.500018,1.75285,,
7.85052,0.5,0.500018,1.75285,,
7.85552,0.5,0.500018,1.75285,,
7.8606,0.5,0.499215,1.76843,,
7.86561,0.5,0.499215,1.76843,,
7.87056,0.5,0.499215,1.76843,,
7.87562,0.5,0.499215,1.76843,,
7.88063,0.5,0.499215,1.76843,,
7.88552,0.5,0.499215,1.76843,,
7.89049,0.5,0.499376,1.78402,,
7.89548,0.5,0.499376,1.78402,,
7.90055,0.5,0.499376,1.78402,,
7.90551,0.5,0.499376,1.78402,,
7.91049,0.5,0.499376,1.78402,,
7.91549,0.5,0.499376,1.78402,,
7.92052,0.5,0.499376,1.78402,,
7.92564,0.5,0.499536,1.80012,,
7.93053,0.5,0.499536,1.80012,,
7.93552,0.5,0.499536,1.80012,,
7.9406,0.5,0.499536,1.80012,,
7.9456,0.5,0.499536,1.80012,,
7.95052,0.5,0.499536,1.80012,,
7.95564,0.5,0.500018,1.81523,,
7.96057,0.5,0.500018,1.81523,,
7.96555,0.5,0.500018,1.81523,,
7.97054,0.5,0.500018,1.81523,,
7.97561,0.5,0.500018,1.81523,,
7.98058,0.5,0.500018,1.81523,,
7.98563,0.5,0.499376,1.83132,,
7.99052,0.5,0.499376,1.83132,,
7.99553,0.5,0.499376,1.83132,,
8.00061,0.5,0.499376,1.83132,,
8.00568,0.5,0.499376,1.83132,,
8.0105,0.5,0.499376,1.83132,,
8.01553,0.5,0.499536,1.84692,,
8.02064,0.5,0.499536,1.84692,,
8.02561,0.5,0.499536,1.84692,,
8.03055,0.5,0.499536,1.84692,,
8.03563,0.5,0.499536,1.84692,,
8.0405,0.5,0.499536,1.84692,,
8.04554,0.5,0.499536,1.84692,,
8.05054,0.5,0.499215,1.863,,
8.05552,0.5,0.499215,1.863,,
8.06064,0.5,0.499215,1.863,,
8.06558,0.5,0.499215,1.863,,
8.07054,0.5,0.499215,1.863,,
8.0756,0.5,0.499215,1.863,,
8.08062,0.5,0.499697,1.87911,,
8.0856,0.5,0.499697,1.87911,,
8.09052,0.5,0.499697,1.87911,,
8.0956,0.5,0.499697,1.87911,,
8.10049,0.5,0.499697,1.87911,,
8.10551,0.5,0.499697,1.87911,,
8.11047,0.5,0.500338,1.89422,,
8.11548,0.5,0.500338,1.89422,,
8.12051,0.5,0.500338,1.89422,,
8.12547,0.5,0.500338,1.89422,,
8.13051,0.5,0.500338,1.89422,,
8.13551,0.5,0.500338,1.89422,,
8.14051,0.5,0.499215,1.91031,,
8.14552,0.5,0.499215,1.91031,,
8.15051,0.5,0.499215,1.91031,,
8.15554,0.5,0.499215,1.91031,,
8.16062,0.5,0.499215,1.91031,,
8.1655,0.5,0.499215,1.91031,,
8.17052,0.5,0.499215,1.91031,,
8.17562,0.5,0.499697,1.92591,,
8.18064,0.5,0.499697,1.92591,,
8.18562,0.5,0.499697,1.92591,,
8.19064,0.5,0.499697,1.92591,,
8.19552,0.5,0.499697,1.92591,,
8.20052,0.5,0.499697,1.92591,,
8.20565,0.5,0.500338,1.94204,,
8.21053,0.5,0.500338,1.94204,,
8.21564,0.5,0.500338,1.94204,,
8.22053,0.5,0.500338,1.94204,,
8.22562,0.5,0.500338,1.94204,,
8.23052,0.5,0.500338,1.94204,,
8.2356,0.5,0.498413,1.9581,,
8.2406,0.5,0.498413,1.9581,,
8.24553,0.5,0.498413,1.9581,,
8.25055,0.5,0.498413,1.9581,,
8.25552,0.5,0.498413,1.9581,,
8.26064,0.5,0.498413,1.9581,,
8.2655,0.5,0.498413,1.9581,,
8.27053,0.5,0.498895,1.97367,,
8.27562,0.5,0.498895,1.97367,,
8.2806,0.5,0.498895,1.97367,,
8.28554,0.5,0.498895,1.97367,,
8.29058,0.5,0.498895,1.97367,,
8.29561,0.5,0.498895,1.97367,,
8.30051,0.5,0.499376,1.98977,,
8.30561,0.5,0.499376,1.98977,,
8.31055,0.5,0.499376,1.98977,,
8.31551,0.5,0.499376,1.98977,,
8.32048,0.5,0.499376,1.98977,,
8.32553,0.5,0.499376,1.98977,,
8.33047,0.5,0.500018,2.00538,,
8.33552,0.5,0.500018,2.00538,,
8.3405,0.5,0.500018,2.00538,,
8.34554,0.5,0.500018,2.00538,,
8.35049,0.5,0.500018,2.00538,,
8.35553,0.5,0.500018,2.00538,,
8.3605,0.5,0.500659,2.02101,,
8.36551,0.5,0.500659,2.02101,,
8.37054,0.5,0.500659,2.02101,,
8.37555,0.5,0.500659,2.02101,,
8.38058,0.5,0.500659,2.02101,,
8.38559,0.5,0.500659,2.02101,,
8.39054,0.5,0.500659,2.02101,,
8.39554,0.5,0.500178,2.03713,,
8.40064,0.5,0.500178,2.03713,,
8.40563,0.5,0.500178,2.03713,,
8.41055,0.5,0.500178,2.03713,,
8.41552,0.5,0.500178,2.03713,,
8.42064,0.5,0.500178,2.03713,,
8.4256,0.5,0.499857,2.05273,,
8.43052,0.5,0.499857,2.05273,,
8.4356,0.5,0.499857,2.05273,,
8.44063,0.5,0.499857,2.05273,,
8.44557,0.5,0.499857,2.05273,,
8.45051,0.5,0.499857,2.05273,,
8.45549,0.5,0.499536,2.06833,,
8.46051,0.5,0.499536,2.06833,,
8.46567,0.5,0.499536,2.06833,,
8.47054,0.5,0.499536,2.06833,,
8.47558,0.5,0.499536,2.06833,,
8.48053,0.5,0.499536,2.06833,,
8.48562,0.5,0.499536,2.06833,,
8.49052,0.5,0.499215,2.08442,,
8.4956,0.5,0.499215,2.08442,,
8.50064,0.5,0.499215,2.08442,,
8.50558,0.5,0.499215,2.08442,,
8.51052,0.5,0.499215,2.08442,,
8.51559,0.5,0.499215,2.08442,,
8.52063,0.5,0.499697,2.10002,,
8.5255,0.5,0.499697,2.10002,,
8.53049,0.5,0.499697,2.10002,,
8.53548,0.5,0.499697,2.10002,,
8.54053,0.5,0.499697,2.10002,,
8.54551,0.5,0.499697,2.10002,,
8.55051,0.5,0.500659,2.11514,,
8.55553,0.5,0.500659,2.11514,,
8.5606,0.5,0.500659,2.11514,,
8.56557,0.5,0.500659,2.11514,,
8.57051,0.5,0.500659,2.11514,,
8.57562,0.5,0.500659,2.11514,,
8.58051,0.5,0.499857,2.13125,,
8.58563,0.5,0.499857,2.13125,,
8.59054,0.5,0.499857,2.13125,,
8.59553,0.5,0.499857,2.13125,,
8.6005,0.5,0.499857,2.13125,,
8.60551,0.5,0.499857,2.13125,,
8.61053,0.5,0.499857,2.13125,,
8.61559,0.5,0.500338,2.14737,,
8.62051,0.5,0.500338,2.14737,,
8.62561,0.5,0.500338,2.14737,,
8.63051,0.5,0.500338,2.14737,,
8.63563,0.5,0.500338,2.14737,,
8.64053,0.5,0.500338,2.14737,,
8.6456,0.5,0.499376,2.16296,,
8.65054,0.5,0.499376,2.16296,,
8.65564,0.5,0.499376,2.16296,,
8.66052,0.5,0.499376,2.16296,,
8.66561,0.5,0.499376,2.16296,,
8.67051,0.5,0.499376,2.16296,,
8.67559,0.5,0.499857,2.17907,,
8.68062,0.5,0.499857,2.17907,,
8.6856,0.5,0.499857,2.17907,,
8.69052,0.5,0.499857,2.17907,,
8.69551,0.5,0.499857,2.17907,,
8.70063,0.5,0.499857,2.17907,,
8.70553,0.5,0.499857,2.17907,,
8.71061,0.5,0.500338,2.19469,,
8.71564,0.5,0.500338,2.19469,,
8.72053,0.5,0.500338,2.19469,,
8.72551,0.5,0.500338,2.19469,,
8.73051,0.5,0.500338,2.19469,,
8.73564,0.5,0.500338,2.19469,,
8.74052,0.5,0.499857,2.2108,,
8.74547,0.5,0.499857,2.2108,,
8.75051,0.5,0.499857,2.2108,,
8.7555,0.5,0.499857,2.2108,,
8.76049,0.5,0.499857,2.2108,,
8.76558,0.5,0.499857,2.2108,,
8.7705,0.5,0.499697,2.22691,,
8.77551,0.5,0.499697,2.22691,,
8.78054,0.5,0.499697,2.22691,,
8.7855,0.5,0.499697,2.22691,,
8.79053,0.5,0.499697,2.22691,,
8.79563,0.5,0.499697,2.22691,,
8.80053,0.5,0.499697,2.22691,,
8.80562,0.5,0.499536,2.243,,
8.81053,0.5,0.499536,2.243,,
8.81552,0.5,0.499536,2.243,,
8.82057,0.5,0.499536,2.243,,
8.82562,0.5,0.499536,2.243,,
8.83052,0.5,0.499536,2.243,,
8.83563,0.5,0.499697,2.25911,,
8.84064,0.5,0.499697,2.25911,,
8.84553,0.5,0.499697,2.25911,,
8.85051,0.5,0.499697,2.25911,,
8.85562,0.5,0.499697,2.25911,,
8.86058,0.5,0.499697,2.25911,,
8.86548,0.5,0.498734,2.27518,,
8.87051,0.5,0.498734,2.27518,,
8.87554,0.5,0.498734,2.27518,,
8.88063,0.5,0.498734,2.27518,,
8.88561,0.5,0.498734,2.27518,,
8.89051,0.5,0.498734,2.27518,,
8.8956,0.5,0.498734,2.27518,,
8.90061,0.5,0.499216,2.29127,,
8.90563,0.5,0.499216,2.29127,,
8.91053,0.5,0.499216,2.29127,,
8.91552,0.5,0.499216,2.29127,,
8.92061,0.5,0.499216,2.29127,,
8.92563,0.5,0.499216,2.29127,,
8.93051,0.5,0.500178,2.30688,,
8.93563,0.5,0.500178,2.30688,,
8.94059,0.5,0.500178,2.30688,,
8.94562,0.5,0.500178,2.30688,,
8.95049,0.5,0.500178,2.30688,,
8.9555,0.5,0.500178,2.30688,,
8.96047,0.5,0.499857,2.32299,,
8.96547,0.5,0.499857,2.32299,,
8.97049,0.5,0.499857,2.32299,,
8.97549,0.5,0.499857,2.32299,,
8.98053,0.5,0.499857,2.32299,,
8.9855,0.5,0.499857,2.32299,,
8.99051,0.5,0.499857,2.32299,,
8.9955,0.5,0.500338,2.33912,,
9.00063,0.5,0.500338,2.33912,,
9.00551,0.5,0.500338,2.33912,,
9.01053,0.5,0.500338,2.33912,,
9.01553,0.5,0.500338,2.33912,,
9.02062,0.5,0.500338,2.33912,,
9.02549,0.5,0.500499,2.35525,,
9.03052,0.5,0.500499,2.35525,,
9.03551,0.5,0.500499,2.35525,,
9.04063,0.5,0.500499,2.35525,,
9.04554,0.5,0.500499,2.35525,,
9.0505,0.5,0.500499,2.35525,,
9.05551,0.5,0.500499,2.35525,,
9.06062,0.5,0.499536,2.37084,,
9.0656,0.5,0.499536,2.37084,,
9.07051,0.5,0.499536,2.37084,,
9.07561,0.5,0.499536,2.37084,,
9.08061,0.5,0.499536,2.37084,,
9.08559,0.5,0.499536,2.37084,,
9.09053,0.5,0.499376,2.38643,,
9.09553,0.5,0.499376,2.38643,,
9.10051,0.5,0.499376,2.38643,,
9.10563,0.5,0.499376,2.38643,,
9.11052,0.5,0.499376,2.38643,,
9.11552,0.5,0.499376,2.38643,,
9.12072,0.5,0.499376,2.40252,,
9.12559,0.5,0.499376,2.40252,,
9.13051,0.5,0.499376,2.40252,,
9.13563,0.5,0.499376,2.40252,,
9.14063,0.5,0.499376,2.40252,,
9.14563,0.5,0.499376,2.40252,,
9.1505,0.5,0.499536,2.41812,,
9.15557,0.5,0.499536,2.41812,,
9.16063,0.5,0.499536,2.41812,,
9.16551,0.5,0.499536,2.41812,,
9.17046,0.5,0.499536,2.41812,,
9.1755,0.5,0.499536,2.41812,,
9.18049,0.5,0.498895,2.43369,,
9.18557,0.5,0.498895,2.43369,,
9.1905,0.5,0.498895,2.43369,,
9.19558,0.5,0.498895,2.43369,,
9.20062,0.5,0.498895,2.43369,,
9.20558,0.5,0.498895,2.43369,,
9.21053,0.5,0.498895,2.43369,,
9.21559,0.5,0.499055,2.44927,,
9.22057,0.5,0.499055,2.44927,,
9.2256,0.5,0.499055,2.44927,,
9.23051,0.5,0.499055,2.44927,,
9.23557,0.5,0.499055,2.44927,,
9.24062,0.5,0.499055,2.44927,,
9.24559,0.5,0.500018,2.46488,,
9.25049,0.5,0.500018,2.46488,,
9.25556,0.5,0.500018,2.46488,,
9.2606,0.5,0.500018,2.46488,,
9.26563,0.5,0.500018,2.46488,,
9.27059,0.5,0.500018,2.46488,,
9.27559,0.5,0.500018,2.4805,,
9.28051,0.5,0.500018,2.4805,,
9.28552,0.5,0.500018,2.4805,,
9.29051,0.5,0.500018,2.4805,,
9.29551,0.5,0.500018,2.4805,,
9.3006,0.5,0.500018,2.4805,,
9.30549,0.5,0.500178,2.49661,,
9.31058,0.5,0.500178,2.49661,,
9.31558,0.5,0.500178,2.49661,,
9.32062,0.5,0.500178,2.49661,,
9.32565,0.5,0.500178,2.49661,,
9.33053,0.5,0.500178,2.49661,,
9.3356,0.5,0.500178,2.49661,,
9.34052,0.5,0.499697,2.51171,,
9.3455,0.5,0.499697,2.51171,,
9.35051,0.5,0.499697,2.51171,,
9.35562,0.5,0.499697,2.51171,,
9.3606,0.5,0.499697,2.51171,,
9.36565,0.5,0.499697,2.51171,,
9.37053,0.5,0.499857,2.52732,,
9.37548,0.5,0.499857,2.52732,,
9.38046,0.5,0.499857,2.52732,,
9.3855,0.5,0.499857,2.52732,,
9.39049,0.5,0.499857,2.52732,,
9.39552,0.5,0.499857,2.52732,,
9.40053,0.5,0.499857,2.54292,,
9.40556,0.5,0.499857,2.54292,,
9.41053,0.5,0.499857,2.54292,,
9.41552,0.5,0.499857,2.54292,,
9.42062,0.5,0.499857,2.54292,,
9.4255,0.5,0.499857,2.54292,,
9.4305,0.5,0.499857,2.55802,,
9.43551,0.5,0.499857,2.55802,,
9.44061,0.5,0.499857,2.55802,,
9.44552,0.5,0.499857,2.55802,,
9.4505,0.5,0.499857,2.55802,,
9.45552,0.5,0.499857,2.55802,,
9.46049,0.5,0.499857,2.57363,,
9.4655,0.5,0.499857,2.57363,,
9.47048,0.5,0.499857,2.57363,,
9.47559,0.5,0.499857,2.57363,,
9.4806,0.5,0.499857,2.57363,,
9.48561,0.5,0.499857,2.57363,,
9.49049,0.5,0.499215,2.58921,,
9.4955,0.5,0.499215,2.58921,,
9.50056,0.5,0.499215,2.58921,,
9.50556,0.5,0.499215,2.58921,,
9.51051,0.5,0.499215,2.58921,,
9.51561,0.5,0.499215,2.58921,,
9.52042,0.5,0.499215,2.58921,,
9.52558,0.5,0.500178,2.60483,,
9.53051,0.5,0.500178,2.60483,,
9.53557,0.5,0.500178,2.60483,,
9.54058,0.5,0.500178,2.60483,,
9.54558,0.5,0.500178,2.60483,,
9.55056,0.5,0.500178,2.60483,,
9.55559,0.5,0.500338,2.61995,,
9.56052,0.5,0.500338,2.61995,,
9.56549,0.5,0.500338,2.61995,,
9.57051,0.5,0.500338,2.61995,,
9.57561,0.5,0.500338,2.61995,,
9.58061,0.5,0.500338,2.61995,,
9.58558,0.5,0.500338,2.63557,,
9.59049,0.5,0.500338,2.63557,,
9.59546,0.5,0.500338,2.63557,,
9.60046,0.5,0.500338,2.63557,,
9.60548,0.5,0.500338,2.63557,,
9.61045,0.5,0.500338,2.63557,,
9.61549,0.5,0.499536,2.65116,,
9.62053,0.5,0.499536,2.65116,,
9.6255,0.5,0.499536,2.65116,,
9.6305,0.5,0.499536,2.65116,,
9.6355,0.5,0.499536,2.65116,,
9.64065,0.5,0.499536,2.65116,,
9.64549,0.5,0.499857,2.66677,,
9.6505,0.5,0.499857,2.66677,,
9.65551,0.5,0.499857,2.66677,,
9.6606,0.5,0.499857,2.66677,,
9.6656,0.5,0.499857,2.66677,,
9.6705,0.5,0.499857,2.66677,,
9.67548,0.5,0.499857,2.68237,,
9.6805,0.5,0.499857,2.68237,,
9.68551,0.5,0.499857,2.68237,,
9.69053,0.5,0.499857,2.68237,,
9.69553,0.5,0.499857,2.68237,,
9.70061,0.5,0.499857,2.68237,,
9.7055,0.5,0.499857,2.68237,,
9.7105,0.5,0.499857,2.69798,,
9.7155,0.5,0.499857,2.69798,,
9.72057,0.5,0.499857,2.69798,,
9.72556,0.5,0.499857,2.69798,,
9.7305,0.5,0.499857,2.69798,,
9.73561,0.5,0.499857,2.69798,,
9.74063,0.5,0.500018,2.71409,,
9.74552,0.5,0.500018,2.71409,,
9.75048,0.5,0.500018,2.71409,,
9.75562,0.5,0.500018,2.71409,,
9.76052,0.5,0.500018,2.71409,,
9.76556,0.5,0.500018,2.71409,,
9.77049,0.5,0.500659,2.72972,,
9.77559,0.5,0.500659,2.72972,,
9.78052,0.5,0.500659,2.72972,,
9.78562,0.5,0.500659,2.72972,,
9.79052,0.5,0.500659,2.72972,,
9.79561,0.5,0.500659,2.72972,,
9.80049,0.5,0.500018,2.74533,,
9.80546,0.5,0.500018,2.74533,,
9.81045,0.5,0.500018,2.74533,,
9.8155,0.5,0.500018,2.74533,,
9.82049,0.5,0.500018,2.74533,,
9.82556,0.5,0.500018,2.74533,,
9.83052,0.5,0.500018,2.74533,,
9.83561,0.5,0.500659,2.76096,,
9.84058,0.5,0.500659,2.76096,,
9.84551,0.5,0.500659,2.76096,,
9.85048,0.5,0.500659,2.76096,,
9.8556,0.5,0.500659,2.76096,,
9.8606,0.5,0.500659,2.76096,,
9.86551,0.5,0.500018,2.77707,,
9.87049,0.5,0.500018,2.77707,,
9.87558,0.5,0.500018,2.77707,,
9.88054,0.5,0.500018,2.77707,,
9.88561,0.5,0.500018,2.77707,,
9.89052,0.5,0.500018,2.77707,,
9.89557,0.5,0.500178,2.79269,,
9.9006,0.5,0.500178,2.79269,,
9.90561,0.5,0.500178,2.79269,,
9.91051,0.5,0.500178,2.79269,,
9.91558,0.5,0.500178,2.79269,,
9.92053,0.5,0.500178,2.79269,,
9.92551,0.5,0.500178,2.79269,,
9.93051,0.5,0.498895,2.80877,,
9.93548,0.5,0.498895,2.80877,,
9.94062,0.5,0.498895,2.80877,,
9.94561,0.5,0.498895,2.80877,,
9.95053,0.5,0.498895,2.80877,,
9.95561,0.5,0.498895,2.80877,,
9.96059,0.5,0.500018,2.82387,,
9.96559,0.5,0.500018,2.82387,,
9.9705,0.5,0.500018,2.82387,,
9.97556,0.5,0.500018,2.82387,,
9.98057,0.5,0.500018,2.82387,,
9.98559,0.5,0.500018,2.82387,,
9.99051,0.5,0.500018,2.83999,,
9.99555,0.5,0.500018,2.83999,,
10.0006,0.5,0.500018,2.83999,,
10.0056,0.5,0.500018,2.83999,,
10.0105,0.5,0.500018,2.83999,,
10.0155,0.5,0.500018,2.83999,,
10.0205,0.5,0.500018,2.8556,,
10.0255,0.5,0.500018,2.8556,,
10.0305,0.5,0.500018,2.8556,,
10.0355,0.5,0.500018,2.8556,,
10.0406,0.5,0.500018,2.8556,,
10.0456,0.5,0.500018,2.8556,,
10.0505,0.5,0.500018,2.8556,,
10.0556,0.5,0.500338,2.87122,,
10.0606,0.5,0.500338,2.87122,,
10.0656,0.5,0.500338,2.87122,,
10.0705,0.5,0.500338,2.87122,,
10.0756,0.5,0.500338,2.87122,,
10.0806,0.5,0.500338,2.87122,,
10.0856,0.5,0.499697,2.88682,,
10.0905,0.5,0.499697,2.88682,,
10.0956,0.5,0.499697,2.88682,,
10.1006,0.5,0.499697,2.88682,,
10.1056,0.5,0.499697,2.88682,,
10.1105,0.5,0.499697,2.88682,,
10.1155,0.5,0.499857,2.90293,,
10.1206,0.5,0.499857,2.90293,,
10.1256,0.5,0.499857,2.90293,,
10.1305,0.5,0.499857,2.90293,,
10.1356,0.5,0.499857,2.90293,,
10.1406,0.5,0.499857,2.90293,,
10.1456,0.5,0.500659,2.91856,,
10.1505,0.5,0.500659,2.91856,,
10.1556,0.5,0.500659,2.91856,,
10.1606,0.5,0.500659,2.91856,,
10.1656,0.5,0.500659,2.91856,,
10.1705,0.5,0.500659,2.91856,,
10.1756,0.5,0.500659,2.91856,,
10.1806,0.5,0.499376,2.93465,,
10.1856,0.5,0.499376,2.93465,,
10.1905,0.5,0.499376,2.93465,,
10.1956,0.5,0.499376,2.93465,,
10.2006,0.5,0.499376,2.93465,,
10.2056,0.5,0.499376,2.93465,,
10.2105,0.5,0.499215,2.94973,,
10.2156,0.5,0.499215,2.94973,,
10.2206,0.5,0.499215,2.94973,,
10.2255,0.5,0.499215,2.94973,,
10.2305,0.5,0.499215,2.94973,,
10.2355,0.5,0.499215,2.94973,,
10.2405,0.5,0.500338,2.96586,,
10.2455,0.5,0.500338,2.96586,,
10.2505,0.5,0.500338,2.96586,,
10.2555,0.5,0.500338,2.96586,,
10.2606,0.5,0.500338,2.96586,,
10.2656,0.5,0.500338,2.96586,,
10.2704,0.5,0.500178,2.98198,,
10.2755,0.5,0.500178,2.98198,,
10.2806,0.5,0.500178,2.98198,,
10.2855,0.5,0.500178,2.98198,,
10.2905,0.5,0.500178,2.98198,,
10.2955,0.5,0.500178,2.98198,,
10.3007,0.5,0.500178,2.98198,,
10.3056,0.5,0.499697,2.99758,,
10.3105,0.5,0.499697,2.99758,,
10.3155,0.5,0.499697,2.99758,,
10.3205,0.5,0.499697,2.99758,,
10.3256,0.5,0.499697,2.99758,,
10.3305,0.5,0.499697,2.99758,,
10.3355,0.5,0.500338,3.0132,,
10.3406,0.5,0.500338,3.0132,,
10.3456,0.5,0.500338,3.0132,,
10.3505,0.5,0.500338,3.0132,,
10.3555,0.5,0.500338,3.0132,,
10.3606,0.5,0.500338,3.0132,,
10.3656,0.5,0.499697,3.0288,,
10.3705,0.5,0.499697,3.0288,,
10.3755,0.5,0.499697,3.0288,,
10.3805,0.5,0.499697,3.0288,,
10.3856,0.5,0.499697,3.0288,,
10.3905,0.5,0.499697,3.0288,,
10.3955,0.5,0.499055,3.04438,,
10.4005,0.5,0.499055,3.04438,,
10.4056,0.5,0.499055,3.04438,,
10.4105,0.5,0.499055,3.04438,,
10.4156,0.5,0.499055,3.04438,,
10.4206,0.5,0.499055,3.04438,,
10.4256,0.5,0.499055,3.04438,,
10.4305,0.5,0.499215,3.06047,,
10.4355,0.5,0.499215,3.06047,,
10.4405,0.5,0.499215,3.06047,,
10.4454,0.5,0.499215,3.06047,,
10.4505,0.5,0.499215,3.06047,,
10.4555,0.5,0.499215,3.06047,,
10.4605,0.5,0.500178,3.07608,,
10.4656,0.5,0.500178,3.07608,,
10.4705,0.5,0.500178,3.07608,,
10.4756,0.5,0.500178,3.07608,,
10.4806,0.5,0.500178,3.07608,,
10.4856,0.5,0.500178,3.07608,,
10.4905,0.5,0.500178,3.0917,,
10.4956,0.5,0.500178,3.0917,,
10.5005,0.5,0.500178,3.0917,,
10.5055,0.5,0.500178,3.0917,,
10.5105,0.5,0.500178,3.0917,,
10.5156,0.5,0.500178,3.0917,,
10.5205,0.5,0.498574,3.10726,,
10.5255,0.5,0.498574,3.10726,,
10.5305,0.5,0.498574,3.10726,,
10.5355,0.5,0.498574,3.10726,,
10.5406,0.5,0.498574,3.10726,,
10.5455,0.5,0.498574,3.10726,,
10.5505,0.5,0.498574,3.10726,,
10.5555,0.5,0.499215,3.12335,,
10.5605,0.5,0.499215,3.12335,,
10.5655,0.5,0.499215,3.12335,,
10.5705,0.5,0.499215,3.12335,,
10.5756,0.5,0.499215,3.12335,,
10.5806,0.5,0.499215,3.12335,,
10.5855,0.5,0.499857,3.13895,,
10.5905,0.5,0.499857,3.13895,,
10.5956,0.5,0.499857,3.13895,,
10.6006,0.5,0.499857,3.13895,,
10.6056,0.5,0.499857,3.13895,,
10.6105,0.5,0.499857,3.13895,,
10.6155,0.5,0.500018,3.15456,,
10.6206,0.5,0.500018,3.15456,,
10.6256,0.5,0.500018,3.15456,,
10.6305,0.5,0.500018,3.15456,,
10.6356,0.5,0.500018,3.15456,,
10.6406,0.5,0.500018,3.15456,,
10.6455,0.5,0.500178,3.17018,,
10.6505,0.5,0.500178,3.17018,,
10.6555,0.5,0.500178,3.17018,,
10.6605,0.5,0.500178,3.17018,,
10.6654,0.5,0.500178,3.17018,,
10.6705,0.5,0.500178,3.17018,,
10.6755,0.5,0.500178,3.17018,,
10.6805,0.5,0.499697,3.18628,,
10.6856,0.5,0.499697,3.18628,,
10.6905,0.5,0.499697,3.18628,,
10.6955,0.5,0.499697,3.18628,,
10.7006,0.5,0.499697,3.18628,,
10.7056,0.5,0.499697,3.18628,,
10.7105,0.5,0.499697,3.20188,,
10.7156,0.5,0.499697,3.20188,,
10.7206,0.5,0.499697,3.20188,,
10.7255,0.5,0.499697,3.20188,,
10.7305,0.5,0.499697,3.20188,,
10.7355,0.5,0.499697,3.20188,,
10.7405,0.5,0.499697,3.21698,,
10.7456,0.5,0.499697,3.21698,,
10.7505,0.5,0.499697,3.21698,,
10.7556,0.5,0.499697,3.21698,,
10.7605,0.5,0.499697,3.21698,,
10.7656,0.5,0.499697,3.21698,,
10.7705,0.5,0.499055,3.23256,,
10.7756,0.5,0.499055,3.23256,,
10.7807,0.5,0.499055,3.23256,,
10.7856,0.5,0.499055,3.23256,,
10.7905,0.5,0.499055,3.23256,,
10.7955,0.5,0.499055,3.23256,,
10.8005,0.5,0.499697,3.24816,,
10.8056,0.5,0.499697,3.24816,,
10.8105,0.5,0.499697,3.24816,,
10.8155,0.5,0.499697,3.24816,,
10.8206,0.5,0.499697,3.24816,,
10.8256,0.5,0.499697,3.24816,,
10.8305,0.5,0.500659,3.26329,,
10.8356,0.5,0.500659,3.26329,,
10.8406,0.5,0.500659,3.26329,,
10.8455,0.5,0.500659,3.26329,,
10.8505,0.5,0.500659,3.26329,,
10.8555,0.5,0.500659,3.26329,,
10.8605,0.5,0.500659,3.26329,,
10.8655,0.5,0.500018,3.2794,,
10.8704,0.5,0.500018,3.2794,,
10.8754,0.5,0.500018,3.2794,,
10.8805,0.5,0.500018,3.2794,,
10.8855,0.5,0.500018,3.2794,,
10.8905,0.5,0.500018,3.2794,,
10.8955,0.5,0.499857,3.29501,,
10.9006,0.5,0.499857,3.29501,,
10.9056,0.5,0.499857,3.29501,,
10.9105,0.5,0.499857,3.29501,,
10.9155,0.5,0.499857,3.29501,,
10.9205,0.5,0.499857,3.29501,,
10.9256,0.5,0.500178,3.31062,,
10.9305,0.5,0.500178,3.31062,,
10.9355,0.5,0.500178,3.31062,,
10.9406,0.5,0.500178,3.31062,,
10.9456,0.5,0.500178,3.31062,,
10.9505,0.5,0.500178,3.31062,,
10.9555,0.5,0.500178,3.32624,,
10.9605,0.5,0.500178,3.32624,,
10.9656,0.5,0.500178,3.32624,,
10.9705,0.5,0.500178,3.32624,,
10.9756,0.5,0.500178,3.32624,,
10.9806,0.5,0.500178,3.32624,,
10.9856,0.5,0.500178,3.32624,,
10.9905,0.5,0.499697,3.34184,,
10.9955,0.5,0.499697,3.34184,,
11.0005,0.5,0.499697,3.34184,,
11.0056,0.5,0.499697,3.34184,,
11.0105,0.5,0.499697,3.34184,,
11.0155,0.5,0.499697,3.34184,,
11.0205,0.5,0.500338,3.35746,,
11.0255,0.5,0.500338,3.35746,,
11.0305,0.5,0.500338,3.35746,,
11.0356,0.5,0.500338,3.35746,,
11.0406,0.5,0.500338,3.35746,,
11.0456,0.5,0.500338,3.35746,,
11.0505,0.5,0.499536,3.37305,,
11.0556,0.5,0.499536,3.37305,,
11.0606,0.5,0.499536,3.37305,,
11.0656,0.5,0.499536,3.37305,,
11.0705,0.5,0.499536,3.37305,,
11.0755,0.5,0.499536,3.37305,,
11.0804,0.5,0.499697,3.38865,,
11.0855,0.5,0.499697,3.38865,,
11.0904,0.5,0.499697,3.38865,,
11.0955,0.5,0.499697,3.38865,,
11.1005,0.5,0.499697,3.38865,,
11.1056,0.5,0.499697,3.38865,,
11.1105,0.5,0.499697,3.38865,,
11.1155,0.5,0.500338,3.40478,,
11.1206,0.5,0.500338,3.40478,,
11.1256,0.5,0.500338,3.40478,,
11.1305,0.5,0.500338,3.40478,,
11.1356,0.5,0.500338,3.40478,,
11.1405,0.5,0.500338,3.40478,,
11.1455,0.5,0.499857,3.42038,,
11.1505,0.5,0.499857,3.42038,,
11.1556,0.5,0.499857,3.42038,,
11.1605,0.5,0.499857,3.42038,,
11.1655,0.5,0.499857,3.42038,,
11.1705,0.5,0.499857,3.42038,,
11.1755,0.5,0.499697,3.43598,,
11.1805,0.5,0.499697,3.43598,,
11.1855,0.5,0.499697,3.43598,,
11.1905,0.5,0.499697,3.43598,,
11.1956,0.5,0.499697,3.43598,,
11.2006,0.5,0.499697,3.43598,,
11.2055,0.5,0.500338,3.4516,,
11.2105,0.5,0.500338,3.4516,,
11.2155,0.5,0.500338,3.4516,,
11.2205,0.5,0.500338,3.4516,,
11.2256,0.5,0.500338,3.4516,,
11.2305,0.5,0.500338,3.4516,,
11.2356,0.5,0.500338,3.4516,,
11.2406,0.5,0.499697,3.46771,,
11.2455,0.5,0.499697,3.46771,,
11.2505,0.5,0.499697,3.46771,,
11.2556,0.5,0.499697,3.46771,,
11.2605,0.5,0.499697,3.46771,,
11.2655,0.5,0.499697,3.46771,,
11.2705,0.5,0.499697,3.48331,,
11.2755,0.5,0.499697,3.48331,,
11.2806,0.5,0.499697,3.48331,,
11.2855,0.5,0.499697,3.48331,,
11.2904,0.5,0.499697,3.48331,,
11.2954,0.5,0.499697,3.48331,,
11.3005,0.5,0.500338,3.49893,,
11.3055,0.5,0.500338,3.49893,,
11.3105,0.5,0.500338,3.49893,,
11.3155,0.5,0.500338,3.49893,,
11.3205,0.5,0.500338,3.49893,,
11.3255,0.5,0.500338,3.49893,,
11.3305,0.5,0.499215,3.51451,,
11.3355,0.5,0.499215,3.51451,,
11.3406,0.5,0.499215,3.51451,,
11.3456,0.5,0.499215,3.51451,,
11.3505,0.5,0.499215,3.51451,,
11.3557,0.5,0.499215,3.51451,,
11.3605,0.5,0.499215,3.51451,,
11.3656,0.5,0.499857,3.53062,,
11.3705,0.5,0.499857,3.53062,,
11.3756,0.5,0.499857,3.53062,,
11.3805,0.5,0.499857,3.53062,,
11.3856,0.5,0.499857,3.53062,,
11.3905,0.5,0.499857,3.53062,,
11.3955,0.5,0.500338,3.54624,,
11.4006,0.5,0.500338,3.54624,,
11.4056,0.5,0.500338,3.54624,,
11.4105,0.5,0.500338,3.54624,,
11.4156,0.5,0.500338,3.54624,,
11.4205,0.5,0.500338,3.54624,,
11.4255,0.5,0.500178,3.56186,,
11.4305,0.5,0.500178,3.56186,,
11.4356,0.5,0.500178,3.56186,,
11.4406,0.5,0.500178,3.56186,,
11.4455,0.5,0.500178,3.56186,,
11.4505,0.5,0.500178,3.56186,,
11.4555,0.5,0.500338,3.57748,,
11.4605,0.5,0.500338,3.57748,,
11.4655,0.5,0.500338,3.57748,,
11.4705,0.5,0.500338,3.57748,,
11.4756,0.5,0.500338,3.57748,,
11.4806,0.5,0.500338,3.57748,,
11.4855,0.5,0.500338,3.57748,,
11.4905,0.5,0.499536,3.59357,,
11.4955,0.5,0.499536,3.59357,,
11.5004,0.5,0.499536,3.59357,,
11.5055,0.5,0.499536,3.59357,,
11.5105,0.5,0.499536,3.59357,,
11.5155,0.5,0.499536,3.59357,,
11.5205,0.5,0.499215,3.60916,,
11.5255,0.5,0.499215,3.60916,,
11.5305,0.5,0.499215,3.60916,,
11.5355,0.5,0.499215,3.60916,,
11.5406,0.5,0.499215,3.60916,,
11.5455,0.5,0.499215,3.60916,,
11.5505,0.5,0.500018,3.62477,,
11.5555,0.5,0.500018,3.62477,,
11.5606,0.5,0.500018,3.62477,,
11.5656,0.5,0.500018,3.62477,,
11.5705,0.5,0.500018,3.62477,,
11.5756,0.5,0.500018,3.62477,,
11.5805,0.5,0.500018,3.64038,,
11.5856,0.5,0.500018,3.64038,,
11.5905,0.5,0.500018,3.64038,,
11.5956,0.5,0.500018,3.64038,,
11.6006,0.5,0.500018,3.64038,,
11.6056,0.5,0.500018,3.64038,,
11.6105,0.5,0.500018,3.64038,,
11.6155,0.5,0.499857,3.65649,,
11.6205,0.5,0.499857,3.65649,,
11.6256,0.5,0.499857,3.65649,,
11.6305,0.5,0.499857,3.65649,,
11.6355,0.5,0.499857,3.65649,,
11.6406,0.5,0.499857,3.65649,,
11.6455,0.5,0.50098,3.67213,,
11.6505,0.5,0.50098,3.67213,,
11.6555,0.5,0.50098,3.67213,,
11.6606,0.5,0.50098,3.67213,,
11.6656,0.5,0.50098,3.67213,,
11.6705,0.5,0.50098,3.67213,,
11.6756,0.5,0.500659,3.68826,,
11.6806,0.5,0.500659,3.68826,,
11.6856,0.5,0.500659,3.68826,,
11.6905,0.5,0.500659,3.68826,,
11.6955,0.5,0.500659,3.68826,,
11.7005,0.5,0.500659,3.68826,,
11.7055,0.5,0.500659,3.68826,,
11.7105,0.5,0.499697,3.70386,,
11.7154,0.5,0.499697,3.70386,,
11.7205,0.5,0.499697,3.70386,,
11.7255,0.5,0.499697,3.70386,,
11.7305,0.5,0.499697,3.70386,,
11.7355,0.5,0.499697,3.70386,,
11.7406,0.5,0.500018,3.71947,,
11.7455,0.5,0.500018,3.71947,,
11.7505,0.5,0.500018,3.71947,,
11.7555,0.5,0.500018,3.71947,,
11.7606,0.5,0.500018,3.71947,,
11.7655,0.5,0.500018,3.71947,,
11.7705,0.5,0.499857,3.73558,,
11.7755,0.5,0.499857,3.73558,,
11.7806,0.5,0.499857,3.73558,,
11.7856,0.5,0.499857,3.73558,,
11.7905,0.5,0.499857,3.73558,,
11.7956,0.5,0.499857,3.73558,,
11.8005,0.5,0.499536,3.75168,,
11.8055,0.5,0.499536,3.75168,,
11.8105,0.5,0.499536,3.75168,,
11.8156,0.5,0.499536,3.75168,,
11.8206,0.5,0.499536,3.75168,,
11.8256,0.5,0.499536,3.75168,,
11.8305,0.5,0.499536,3.75168,,
11.8355,0.5,0.499216,3.76777,,
11.8405,0.5,0.499216,3.76777,,
11.8456,0.5,0.499216,3.76777,,
11.8505,0.5,0.499216,3.76777,,
11.8556,0.5,0.499216,3.76777,,
11.8605,0.5,0.499216,3.76777,,
11.8656,0.5,0.498895,3.78334,,
11.8705,0.5,0.498895,3.78334,,
11.8755,0.5,0.498895,3.78334,,
11.8806,0.5,0.498895,3.78334,,
11.8855,0.5,0.498895,3.78334,,
11.8905,0.5,0.498895,3.78334,,
11.8954,0.5,0.499857,3.79945,,
11.9005,0.5,0.499857,3.79945,,
11.9056,0.5,0.499857,3.79945,,
11.9105,0.5,0.499857,3.79945,,
11.9156,0.5,0.499857,3.79945,,
11.9205,0.5,0.499857,3.79945,,
11.9254,0.5,0.499857,3.79945,,
11.9304,0.5,0.499536,3.81555,,
11.9355,0.5,0.499536,3.81555,,
11.9405,0.5,0.499536,3.81555,,
11.9455,0.5,0.499536,3.81555,,
11.9505,0.5,0.499536,3.81555,,
11.9555,0.5,0.499536,3.81555,,
11.9605,0.5,0.500018,3.83116,,
11.9654,0.5,0.500018,3.83116,,
11.9705,0.5,0.500018,3.83116,,
11.9756,0.5,0.500018,3.83116,,
11.9806,0.5,0.500018,3.83116,,
11.9856,0.5,0.500018,3.83116,,
11.9905,0.5,0.499697,3.84726,,
11.9955,0.5,0.499697,3.84726,,
12.0005,0.5,0.499697,3.84726,,
12.0056,0.5,0.499697,3.84726,,
12.0105,0.5,0.499697,3.84726,,
12.0156,0.5,0.499697,3.84726,,
12.0205,0.5,0.499697,3.84726,,
12.0255,0.5,0.500338,3.86288,,
12.0305,0.5,0.500338,3.86288,,
12.0355,0.5,0.500338,3.86288,,
12.0406,0.5,0.500338,3.86288,,
12.0456,0.5,0.500338,3.86288,,
12.0504,0.5,0.500338,3.86288,,
12.0556,0.5,0.500659,3.87852,,
12.0606,0.5,0.500659,3.87852,,
12.0656,0.5,0.500659,3.87852,,
12.0705,0.5,0.500659,3.87852,,
12.0755,0.5,0.500659,3.87852,,
12.0805,0.5,0.500659,3.87852,,
12.0855,0.5,0.499055,3.8946,,
12.0905,0.5,0.499055,3.8946,,
12.0955,0.5,0.499055,3.8946,,
12.1005,0.5,0.499055,3.8946,,
12.1056,0.5,0.499055,3.8946,,
12.1105,0.5,0.499055,3.8946,,
12.1156,0.5,0.499055,3.8946,,
12.1205,0.5,0.501461,3.91076,,
12.1255,0.5,0.501461,3.91076,,
12.1305,0.5,0.501461,3.91076,,
12.1354,0.5,0.501461,3.91076,,
12.1405,0.5,0.501461,3.91076,,
12.1455,0.5,0.501461,3.91076,,
12.1504,0.5,0.499055,3.92634,,
12.1555,0.5,0.499055,3.92634,,
12.1606,0.5,0.499055,3.92634,,
12.1656,0.5,0.499055,3.92634,,
12.1705,0.5,0.499055,3.92634,,
12.1756,0.5,0.499055,3.92634,,
12.1805,0.5,0.499536,3.94244,,
12.1856,0.5,0.499536,3.94244,,
12.1905,0.5,0.499536,3.94244,,
12.1956,0.5,0.499536,3.94244,,
12.2005,0.5,0.499536,3.94244,,
12.2055,0.5,0.499536,3.94244,,
12.2105,0.5,0.499536,3.94244,,
12.2156,0.5,0.499857,3.95855,,
12.2206,0.5,0.499857,3.95855,,
12.2255,0.5,0.499857,3.95855,,
12.2305,0.5,0.499857,3.95855,,
12.2355,0.5,0.499857,3.95855,,
12.2406,0.5,0.499857,3.95855,,
12.2455,0.5,0.499697,3.97465,,
12.2505,0.5,0.499697,3.97465,,
12.2556,0.5,0.499697,3.97465,,
12.2606,0.5,0.499697,3.97465,,
12.2655,0.5,0.499697,3.97465,,
12.2705,0.5,0.499697,3.97465,,
12.2755,0.5,0.499697,3.97465,,
12.2806,0.5,0.498734,3.99072,,
12.2856,0.5,0.498734,3.99072,,
12.2905,0.5,0.498734,3.99072,,
12.2955,0.5,0.498734,3.99072,,
12.3006,0.5,0.498734,3.99072,,
12.3056,0.5,0.498734,3.99072,,
12.3105,0.5,0.498413,4.00628,,
12.3156,0.5,0.498413,4.00628,,
12.3206,0.5,0.498413,4.00628,,
12.3256,0.5,0.498413,4.00628,,
12.3305,0.5,0.498413,4.00628,,
12.3356,0.5,0.498413,4.00628,,
12.3405,0.5,0.498895,4.02236,,
12.3454,0.5,0.498895,4.02236,,
12.3505,0.5,0.498895,4.02236,,
12.3555,0.5,0.498895,4.02236,,
12.3606,0.5,0.498895,4.02236,,
12.3654,0.5,0.498895,4.02236,,
12.3705,0.5,0.498895,4.02236,,
12.3756,0.5,0.498895,4.03844,,
12.3805,0.5,0.498895,4.03844,,
12.3855,0.5,0.498895,4.03844,,
12.3905,0.5,0.498895,4.03844,,
12.3956,0.5,0.498895,4.03844,,
12.4006,0.5,0.498895,4.03844,,
12.4056,0.5,0.499216,4.05452,,
12.4105,0.5,0.499216,4.05452,,
12.4156,0.5,0.499216,4.05452,,
12.4205,0.5,0.499216,4.05452,,
12.4256,0.5,0.499216,4.05452,,
12.4305,0.5,0.499216,4.05452,,
12.4355,0.5,0.499055,4.07061,,
12.4406,0.5,0.499055,4.07061,,
12.4456,0.5,0.499055,4.07061,,
12.4506,0.5,0.499055,4.07061,,
12.4556,0.5,0.499055,4.07061,,
12.4606,0.5,0.499055,4.07061,,
12.4656,0.5,0.499055,4.07061,,
12.4705,0.5,0.498895,4.08669,,
12.4756,0.5,0.498895,4.08669,,
12.4806,0.5,0.498895,4.08669,,
12.4855,0.5,0.498895,4.08669,,
12.4905,0.5,0.498895,4.08669,,
12.4956,0.5,0.498895,4.08669,,
12.5005,0.5,0.500018,4.1023,,
12.5055,0.5,0.500018,4.1023,,
12.5106,0.5,0.500018,4.1023,,
12.5155,0.5,0.500018,4.1023,,
12.5206,0.5,0.500018,4.1023,,
12.5255,0.5,0.500018,4.1023,,
12.5304,0.5,0.499536,4.11839,,
12.5356,0.5,0.499536,4.11839,,
12.5406,0.5,0.499536,4.11839,,
12.5455,0.5,0.499536,4.11839,,
12.5505,0.5,0.499536,4.11839,,
12.5555,0.5,0.499536,4.11839,,
12.5604,0.5,0.499536,4.11839,,
12.5654,0.5,0.498574,4.13446,,
12.5705,0.5,0.498574,4.13446,,
12.5755,0.5,0.498574,4.13446,,
12.5805,0.5,0.498574,4.13446,,
12.5856,0.5,0.498574,4.13446,,
12.5905,0.5,0.498574,4.13446,,
12.5956,0.5,0.499697,4.15006,,
12.6006,0.5,0.499697,4.15006,,
12.6055,0.5,0.499697,4.15006,,
12.6105,0.5,0.499697,4.15006,,
12.6155,0.5,0.499697,4.15006,,
12.6206,0.5,0.499697,4.15006,,
12.6254,0.5,0.499376,4.16666,,
12.6305,0.5,0.499376,4.16666,,
12.6355,0.5,0.499376,4.16666,,
12.6406,0.5,0.499376,4.16666,,
12.6455,0.5,0.499376,4.16666,,
12.6505,0.5,0.499376,4.16666,,
12.6555,0.5,0.499376,4.16666,,
12.6606,0.5,0.499857,4.18226,,
12.6655,0.5,0.499857,4.18226,,
12.6705,0.5,0.499857,4.18226,,
12.6755,0.5,0.499857,4.18226,,
12.6806,0.5,0.499857,4.18226,,
12.6856,0.5,0.499857,4.18226,,
12.6905,0.5,0.499857,4.19837,,
12.6955,0.5,0.499857,4.19837,,
12.7005,0.5,0.499857,4.19837,,
12.7056,0.5,0.499857,4.19837,,
12.7105,0.5,0.499857,4.19837,,
12.7155,0.5,0.499857,4.19837,,
12.7206,0.5,0.499857,4.19837,,
12.7255,0.5,0.500178,4.21449,,
12.7305,0.5,0.500178,4.21449,,
12.7355,0.5,0.500178,4.21449,,
12.7405,0.5,0.500178,4.21449,,
12.7455,0.5,0.500178,4.21449,,
12.7505,0.5,0.500178,4.21449,,
12.7554,0.5,0.499857,4.2306,,
12.7605,0.5,0.499857,4.2306,,
12.7654,0.5,0.499857,4.2306,,
12.7705,0.5,0.499857,4.2306,,
12.7755,0,0.499857,4.2306,,
12.7804,0,0.499857,4.2306,,
12.7855,0,0.500018,4.24621,,
12.7904,0,0.500018,4.24621,,
12.7955,0,0.500018,4.24621,,
12.8006,0,0.500018,4.24621,,
12.8055,0,0.500018,4.24621,,
12.8106,0,0.500018,4.24621,,
12.8155,0,0.500018,4.24621,,
12.8205,0,0.496007,4.26219,,
12.8255,0,0.496007,4.26219,,
12.8305,0,0.496007,4.26219,,
12.8356,0,0.496007,4.26219,,
12.8406,0,0.496007,4.26219,,
12.8456,0,0.496007,4.26219,,
12.8505,0,0.382112,4.27451,,
12.8556,0,0.382112,4.27451,,
12.8605,0,0.382112,4.27451,,
12.8655,0,0.382112,4.27451,,
12.8705,0,0.382112,4.27451,,
12.8756,0,0.382112,4.27451,,
12.8805,0,0.279926,4.28353,,
12.8855,0,0.279926,4.28353,,
12.8905,0,0.279926,4.28353,,
12.8955,0,0.279926,4.28353,,
12.9006,0,0.279926,4.28353,,
12.9056,0,0.279926,4.28353,,
12.9105,0,0.279926,4.28353,,
12.9156,0,0.206456,4.28997,,
12.9206,0,0.206456,4.28997,,
12.9256,0,0.206456,4.28997,,
12.9305,0,0.206456,4.28997,,
12.9356,0,0.206456,4.28997,,
12.9406,0,0.206456,4.28997,,
12.9455,0,0.152556,4.29474,,
12.9505,0,0.152556,4.29474,,
12.9555,0,0.152556,4.29474,,
12.9605,0,0.152556,4.29474,,
12.9656,0,0.152556,4.29474,,
12.9705,0,0.152556,4.29474,,
12.9755,0,0.112933,4.29838,,
12.9805,0,0.112933,4.29838,,
12.9854,0,0.112933,4.29838,,
12.9904,0,0.112933,4.29838,,
12.9954,0,0.112933,4.29838,,
13.0005,0,0.112933,4.29838,,
13.0055,0,0.0834165,4.30098,,
13.0104,0,0.0834165,4.30098,,
13.0155,0,0.0834165,4.30098,,
13.0205,0,0.0834165,4.30098,,
13.0256,0,0.0834165,4.30098,,
13.0305,0,0.0834165,4.30098,,
13.0356,0,0.0834165,4.30098,,
13.0405,0,0.0617603,4.30291,,
13.0455,0,0.0617603,4.30291,,
13.0504,0,0.0617603,4.30291,,
13.0556,0,0.0617603,4.30291,,
13.0606,0,0.0617603,4.30291,,
13.0656,0,0.0617603,4.30291,,
13.0705,0,0.0455582,4.30433,,
13.0755,0,0.0455582,4.30433,,
13.0805,0,0.0455582,4.30433,,
13.0855,0,0.0455582,4.30433,,
13.0905,0,0.0455582,4.30433,,
13.0955,0,0.0455582,4.30433,,
13.1005,0,0.0343291,4.3054,,
13.1055,0,0.0343291,4.3054,,
13.1104,0,0.0343291,4.3054,,
13.1155,0,0.0343291,4.3054,,
13.1206,0,0.0343291,4.3054,,
13.1255,0,0.0343291,4.3054,,
13.1304,0,0.0248645,4.30618,,
13.1355,0,0.0248645,4.30618,,
13.1406,0,0.0248645,4.30618,,
13.1456,0,0.0248645,4.30618,,
13.1505,0,0.0248645,4.30618,,
13.1556,0,0.0248645,4.30618,,
13.1605,0,0.0248645,4.30618,,
13.1654,0,0.0186083,4.30676,,
13.1704,0,0.0186083,4.30676,,
13.1755,0,0.0186083,4.30676,,
13.1806,0,0.0186083,4.30676,,
13.1856,0,0.0186083,4.30676,,
13.1905,0,0.0186083,4.30676,,
13.1954,0,0.0136354,4.3072,,
13.2005,0,0.0136354,4.3072,,
13.2054,0,0.0136354,4.3072,,
13.2104,0,0.0136354,4.3072,,
13.2155,0,0.0136354,4.3072,,
13.2205,0,0.0136354,4.3072,,
13.2254,0,0.0102666,4.30752,,
13.2305,0,0.0102666,4.30752,,
13.2354,0,0.0102666,4.30752,,
13.2405,0,0.0102666,4.30752,,
13.2454,0,0.0102666,4.30752,,
13.2505,0,0.0102666,4.30752,,
13.2554,0,0.00737915,4.30775,,
13.2605,0,0.00737915,4.30775,,
13.2655,0,0.00737915,4.30775,,
13.2705,0,0.00737915,4.30775,,
13.2756,0,0.00737915,4.30775,,
13.2806,0,0.00737915,4.30775,,
13.2855,0,0.00737915,4.30775,,
13.2905,0,0.00561457,4.30793,,
13.2956,0,0.00561457,4.30793,,
13.3005,0,0.00561457,4.30793,,
13.3056,0,0.00561457,4.30793,,
13.3105,0,0.00561457,4.30793,,
13.3156,0,0.00561457,4.30793,,
13.3205,0,0.00401041,4.30806,,
13.3255,0,0.00401041,4.30806,,
13.3305,0,0.00401041,4.30806,,
13.3354,0,0.00401041,4.30806,,
13.3405,0,0.00401041,4.30806,,
13.3455,0,0.00401041,4.30806,,
13.3504,0,0.00288749,4.30815,,
13.3555,0,0.00288749,4.30815,,
13.3606,0,0.00288749,4.30815,,
13.3654,0,0.00288749,4.30815,,
13.3705,0,0.00288749,4.30815,,
13.3755,0,0.00288749,4.30815,,
13.3804,0,0.00224583,4.30822,,
13.3855,0,0.00224583,4.30822,,
13.3904,0,0.00224583,4.30822,,
13.3955,0,0.00224583,4.30822,,
13.4004,0,0.00224583,4.30822,,
13.4054,0,0.00224583,4.30822,,
13.4104,0,0.00224583,4.30822,,
13.4154,0,0.00160416,4.30827,,
13.4204,0,0.00160416,4.30827,,
13.4255,0,0.00160416,4.30827,,
13.4305,0,0.00160416,4.30827,,
13.4356,0,0.00160416,4.30827,,
13.4406,0,0.00160416,4.30827,,
13.4455,0,0.00128333,4.30831,,
13.4505,0,0.00128333,4.30831,,
13.4556,0,0.00128333,4.30831,,
13.4605,0,0.00128333,4.30831,,
13.4656,0,0.00128333,4.30831,,
13.4705,0,0.00128333,4.30831,,
13.4754,0,0.000962498,4.30834,,
13.4804,0,0.000962498,4.30834,,
13.4855,0,0.000962498,4.30834,,
13.4905,0,0.000962498,4.30834,,
13.4955,0,0.000962498,4.30834,,
13.5006,0,0.000962498,4.30834,,
13.5056,0,0.000962498,4.30834,,
13.5105,0,0.000641665,4.30836,,
13.5155,0,0.000641665,4.30836,,
13.5206,0,0.000641665,4.30836,,
13.5255,0,0.000641665,4.30836,,
13.5305,0,0.000641665,4.30836,,
13.5356,0,0.000641665,4.30836,,
13.5405,0,0.000481249,4.30838,,
13.5454,0,0.000481249,4.30838,,
13.5505,0,0.000481249,4.30838,,
13.5554,0,0.000481249,4.30838,,
13.5604,0,0.000481249,4.30838,,
13.5655,0,0.000481249,4.30838,,
13.5704,0,0.000320833,4.30839,,
13.5755,0,0.000320833,4.30839,,
13.5804,0,0.000320833,4.30839,,
13.5854,0,0.000320833,4.30839,,
13.5904,0,0.000320833,4.30839,,
13.5955,0,0.000320833,4.30839,,
13.6004,0,0.000320833,4.3084,,
13.6055,0,0.000320833,4.3084,,
13.6104,0,0.000320833,4.3084,,
13.6154,0,0.000320833,4.3084,,
13.6204,0,0.000320833,4.3084,,
13.6254,0,0.000320833,4.3084,,
13.6304,0,0.000320833,4.3084,,
13.6354,0,0.000320833,4.30841,,
13.6405,0,0.000320833,4.30841,,
13.6455,0,0.000320833,4.30841,,
13.6504,0,0.000320833,4.30841,,
13.6555,0,0.000320833,4.30841,,
13.6606,0,0.000320833,4.30841,,
13.6654,0,0,4.30841,,
13.6704,0,0,4.30841,,
13.6755,0,0,4.30841,,
13.6805,0,0,4.30841,,
13.6855,0,0,4.30841,,
13.6905,0,0,4.30841,,
13.6955,0,0,4.30841,,
13.7005,0,0,4.30841,,
13.7055,0,0,4.30841,,
13.7104,0,0,4.30841,,
13.7155,0,0,4.30841,,
13.7205,0,0,4.30841,,
13.7254,0,0,4.30841,,
13.7304,0,0,4.30841,,
13.7355,0,0,4.30841,,
13.7405,0,0,4.30841,,
13.7455,0,0,4.30841,,
13.7504,0,0,4.30841,,
13.7555,0,0,4.30841,,
13.7605,0,0,4.30841,,
13.7655,0,0,4.30841,,
13.7705,0,0,4.30841,,
13.7755,0,0,4.30841,,
13.7805,0,0,4.30841,,
13.7855,0,0,4.30841,,
13.7904,0,0,4.30841,,
13.7954,0,0,4.30841,,
13.8004,0,0,4.30841,,
13.8055,0,0,4.30841,,
13.8104,0,0,4.30841,,
13.8155,0,0,4.30841,,
13.8204,0,0,4.30841,,
13.8254,0,0,4.30841,,
13.8304,0,0,4.30841,,
13.8354,0,0,4.30841,,
13.8405,0,0,4.30841,,
13.8454,0,0,4.30841,,
13.8504,0,0,4.30841,,
13.8555,0,0,4.30841,,
13.8605,0,0,4.30841,,
13.8655,0,0,4.30841,,
13.8704,0,0,4.30841,,
13.8755,0,0,4.30841,,
13.8804,0,0,4.30841,,
13.8854,0,0,4.30841,,
13.8904,0,0,4.30841,,
13.8955,0,0,4.30841,,
13.9005,0,0,4.30841,,
13.9055,0,0,4.30841,,
13.9104,0,0,4.30841,,
13.9155,0,0,4.30841,,
13.9205,0,0,4.30841,,
13.9255,0,0,4.30841,,
13.9305,0,0,4.30841,,
13.9354,0,0,4.30841,,
13.9405,0,0,4.30841,,
13.9455,0,0,4.30841,,
13.9504,0,0,4.30841,,
13.9555,0,0,4.30841,,
13.9606,0,0,4.30841,,
13.9654,0,0,4.30841,,
13.9704,0,0,4.30841,,
