0.00150556,0,0,0,0
0.00653539,0,0,0,0
0.0163591,0,0,0,0
0.0165116,0,0,0,0
0.0215139,0,0,0,0
0.0265286,0,0,0,0
0.0315163,0,0,0,0
0.0365165,0,0,0,1187.49
0.0415141,0,0,0,1187.49
0.0465279,0,0,0,1187.49
0.0516319,0,0,0,1187.49
0.0567103,0,0,0,1187.49
0.0615414,0,0,0,1187.49
0.0665374,0,0,0,1187.49
0.0715292,0,0,0,1187.49
0.0765818,0,0,0,1187.49
0.0815411,0,0,0,1187.49
0.0865283,0,0,0,1187.49
0.0915566,0,0,0,1187.49
0.096544,0,0,0,1187.49
0.101525,0,0,0,1187.49
0.106608,0,0,0,1187.49
0.111537,0,0,0,1187.49
0.116532,0,0,0,1187.49
0.121564,0,0,0,1187.49
0.126546,0,0,0,1187.49
0.131525,0,0,0,1187.49
0.136515,0,0,0,1187.49
0.141516,0,0,0,1187.49
0.146516,0,0,0,1187.49
0.151554,0,0,0,1187.49
0.156694,0,0,0,1187.49
0.161536,0,0,0,1187.49
0.166525,0,0,0,1187.49
0.171519,0,0,0,1187.49
0.176523,0,0,0,1187.49
0.181517,0,0,0,1187.49
0.186522,0,0,0,1187.49
0.191564,0,0,0,1187.49
0.196598,0,0,0,1187.49
0.201591,0,0,0,1187.49
0.206527,0,0,0,1187.49
0.211528,0,0,0,1187.49
0.216528,0,0,0,1187.49
0.221565,0,0,0,1187.49
0.226526,0,0,0,1187.49
0.231513,0,0,0,1187.49
0.236514,0,0,0,1187.49
0.241518,0,0,0,1187.49
0.246528,0,0,0,1187.9
0.251544,0,0,0,1187.9
0.256651,0,0,0,1187.9
0.261558,0,0,0,1187.9
0.266541,0,0,0,1187.9
0.271544,0,0,0,1187.9
0.276597,0,0,0,1187.9
0.281526,0,0,0,1187.9
0.286547,0,0,0,1187.9
0.291547,0,0,0,1187.9
0.296607,0,0,0,1187.9
0.301524,0,0,0,1187.9
0.306579,0,0,0,1187.9
0.311565,0,0,0,1187.9
0.316538,0,0,0,1187.9
0.321571,0,0,0,1187.9
0.326552,0,0,0,1187.9
0.331681,0,0,0,1187.9
0.336529,0,0,0,1187.9
0.34152,0,0,0,1187.9
0.34652,0,0,0,1187.9
0.351519,0,0,0,1187.9
0.356654,0,0,0,1187.9
0.361521,0,0,0,1187.9
0.366519,0,0,0,1187.9
0.37153,0,0,0,1187.9
0.376531,0,0,0,1187.9
0.381515,0,0,0,1187.9
0.386517,0,0,0,1187.9
0.391558,0,0,0,1187.9
0.396619,0,0,0,1187.9
0.401552,0,0,0,1187.9
0.406531,0,0,0,1187.9
0.411539,0,0,0,1187.9
0.416533,0,0,0,1187.9
0.421544,0,0,0,1187.9
0.426538,0,0,0,1187.9
0.431527,0,0,0,1187.9
0.43652,0,0,0,1187.9
0.441514,0,0,0,1187.9
0.446529,0,0,0,1187.9
0.451583,0,0,0,1187.9
0.456545,0,0,0,1189.9
0.461515,0,0,0,1189.9
0.466546,0,0,0,1189.9
0.472605,0,0,0,1189.9
0.476633,0,0,0,1189.9
0.481524,0,0,0,1189.9
0.486526,0,0,0,1189.9
0.491567,0,0,0,1189.9
0.49653,0,0,0,1189.9
0.501545,0,0,0,1189.9
0.506525,0,0,0,1189.9
0.511521,0,0,0,1189.9
0.516534,0,0,0,1189.9
0.521551,0,0,0,1189.9
0.526557,0,0,0,1189.9
0.531556,0,0,0,1189.9
0.536545,0,0,0,1189.9
0.541521,0,0,0,1189.9
0.546523,0,0,0,1189.9
0.551518,0,0,0,1189.9
0.556659,0,0,0,1189.9
0.561523,0,0,0,1189.9
0.56652,0,0,0,1189.9
0.571522,0,0,0,1189.9
0.576542,0,0,0,1189.9
0.581516,0,0,0,1189.9
0.586517,0,0,0,1189.9
0.591548,0,0,0,1189.9
0.596591,0,0,0,1189.9
0.601578,0,0,0,1189.9
0.606525,0,0,0,1189.9
0.611521,0,0,0,1189.9
0.61654,0,0,0,1189.9
0.621545,0,0,0,1189.9
0.626547,0,0,0,1189.9
0.631532,0,0,0,1189.9
0.636527,0,0,0,1189.9
0.641516,0,0,0,1189.9
0.646517,0,0,0,1189.9
0.651512,0,0,0,1189.9
0.656538,0,0,0,1189.9
0.661519,0,0,0,1191.15
0.66654,0,0,0,1191.15
0.671534,0,0,0,1191.15
0.676584,0,0,0,1191.15
0.681524,0,0,0,1191.15
0.686528,0,0,0,1191.15
0.691572,0,0,0,1191.15
0.696624,0,0,0,1191.15
0.701526,0,0,0,1191.15
0.70655,0,0,0,1191.15
0.711522,0,0,0,1191.15
0.716536,0,0,0,1191.15
0.721708,0,0,0,1191.15
0.726609,0,0,0,1191.15
0.731545,0,0,0,1191.15
0.736615,0,0,0,1191.15
0.741519,0,0,0,1191.15
0.746527,0,0,0,1191.15
0.751523,0,0,0,1191.15
0.756586,0,0,0,1191.15
0.761531,0,0,0,1191.15
0.766527,0,0,0,1191.15
0.771528,0,0,0,1191.15
0.776582,0,0,0,1191.15
0.781516,0,0,0,1191.15
0.78652,0,0,0,1191.15
0.791663,0,0,0,1191.15
0.796546,0,0,0,1191.15
0.801517,0,0,0,1191.15
0.806528,0,0,0,1191.15
0.81152,0,0,0,1191.15
0.816521,0,0,0,1191.15
0.821558,0,0,0,1191.15
0.826651,0,0,0,1191.15
0.831606,0,0,0,1191.15
0.83664,0,0,0,1191.15
0.841528,0,0,0,1191.15
0.846532,0,0,0,1191.15
0.851568,0,0,0,1191.15
0.856513,0,0,0,1191.15
0.861515,0,0,0,1191.15
0.866536,0,0,0,1191.15
0.871529,0,0,0,1191.15
0.879834,0,0,0,1191.15
0.881524,0,0,0,1189.66
0.886565,0,0,0,1189.66
0.891606,0,0,0,1189.66
0.896544,0,0,0,1189.66
0.90152,0,0,0,1189.66
0.906633,0,0,0,1189.66
0.911544,0,0,0,1189.66
0.916619,0,0,0,1189.66
0.921544,0,0,0,1189.66
0.926544,0,0,0,1189.66
0.931539,0,0,0,1189.66
0.936561,0,0,0,1189.66
0.941528,0,0,0,1189.66
0.946559,0,0,0,1189.66
0.951563,0,0,0,1189.66
0.956682,0,0,0,1189.66
0.961527,0,0,0,1189.66
0.966548,0,0,0,1189.66
0.971546,0,0,0,1189.66
0.976534,0,0,0,1189.66
0.981519,0,0,0,1189.66
0.98655,0,0,0,1189.66
0.99162,0,0,0,1189.66
0.99654,0,0,0,1189.66
1.00156,0,0,0,1189.66
1.00655,0,0,0,1189.66
1.01153,0,0,0,1189.66
1.01652,0,0,0,1189.66
1.02153,0,0,0,1189.66
1.02656,0,0,0,1189.66
1.03164,0,0,0,1189.66
1.03652,0,0,0,1189.66
1.04152,0,0,0,1189.66
1.04652,0,0,0,1189.66
1.05152,0,0,0,1189.66
1.05662,0,0,0,1189.66
1.06152,0,0,0,1189.66
1.06652,0,0,0,1189.66
1.07152,0,0,0,1189.66
1.07655,0,0,0,1189.66
1.08152,0,0,0,1189.66
1.08652,0,0,0,1189.66
1.09155,0,0,0,1189.66
1.09653,0,0,0,1189.66
1.10151,0,0,0,1189.66
1.10653,0,0,0,1189.66
1.11152,0,0,0,1189.66
1.11652,0,0,0,1189.66
1.12153,0,0,0,1189.66
1.12655,0,0,0,1189.66
1.13166,0,0,0,1189.66
1.13654,0,0,0,1189.66
1.14154,0,0,0,1189.66
1.14662,0,0,0,1189.66
1.15168,0,0,0,1189.66
1.15656,0,0,0,1189.66
1.16153,0,0,0,1189.66
1.16655,0,0,0,1189.66
1.17163,0,0,0,1189.66
1.17658,0,0,0,1189.66
1.18155,0,0,0,1189.66
1.18654,0,0,0,1189.66
1.19153,0,0,0,1189.66
1.19652,0,0,0,1189.66
1.20151,0,0,0,1189.66
1.20651,0,0,0,1189.66
1.21153,0,0,0,1185.92
1.21652,0,0,0,1185.92
1.22152,0,0,0,1185.92
1.22654,0,0,0,1185.92
1.23161,0,0,0,1185.92
1.23656,0,0,0,1185.92
1.24154,0,0,0,1185.92
1.24656,0,0,0,1185.92
1.25155,0,0,0,1185.92
1.25664,0,0,0,1185.92
1.26152,0,0,0,1185.92
1.26662,0,0,0,1185.92
1.27164,0,0,0,1185.92
1.27655,0,0,0,1185.92
1.28152,0,0,0,1185.92
1.28656,0,0,0,1185.92
1.29157,0,0,0,1185.92
1.29654,0,0,0,1185.92
1.30155,0,0,0,1185.92
1.30662,0,0,0,1185.92
1.31161,0,0,0,1185.92
1.31654,0,0,0,1185.92
1.32156,0,0,0,1185.92
1.32657,0,0,0,1185.92
1.33156,0,0,0,1185.92
1.33653,0,0,0,1185.92
1.34154,0,0,0,1185.92
1.34655,0,0,0,1185.92
1.35152,0,0,0,1185.92
1.35668,0,0,0,1185.92
1.36152,0,0,0,1185.92
1.36652,0,0,0,1185.92
1.37153,0,0,0,1185.92
1.37656,0,0,0,1185.92
1.38151,0,0,0,1185.92
1.38652,0,0,0,1185.92
1.39155,0,0,0,1185.92
1.39652,0,0,0,1185.92
1.40152,0,0,0,1185.92
1.40652,0,0,0,1185.92
1.41152,0,0,0,1185.92
1.41652,0,0,0,1185.92
1.42154,0,0,0,1185.92
1.42653,0,0,0,1185.92
1.43152,0,0,0,1185.92
1.43653,0,0,0,1185.92
1.44152,0,0,0,1185.92
1.44652,0,0,0,1185.92
1.45152,0,0,0,1185.92
1.45663,0,0,0,1185.92
1.46151,0,0,0,1185.92
1.46652,0,0,0,1185.92
1.47153,0,0,0,1185.92
1.47658,0,0,0,1185.92
1.48153,0,0,0,1185.92
1.48653,0,0,0,1185.92
1.49166,0,0,0,1185.92
1.49662,0,0,0,1185.92
1.50151,0,0,0,1185.92
1.50652,0,0,0,1185.92
1.51152,0,0,0,1185.92
1.51651,0,0,0,1185.92
1.52151,0,0,0,1185.92
1.52652,0,0,0,1185.92
1.53152,0,0,0,1185.92
1.53652,0,0,0,1184.12
1.54152,0,0,0,1184.12
1.54653,0,0,0,1184.12
1.55152,0,0,0,1184.12
1.55664,0,0,0,1184.12
1.56153,0,0,0,1184.12
1.56654,0,0,0,1184.12
1.57156,0,0,0,1184.12
1.57658,0,0,0,1184.12
1.58152,0,0,0,1184.12
1.58656,0,0,0,1184.12
1.59158,0,0,0,1184.12
1.59662,0,0,0,1184.12
1.60154,0,0,0,1184.12
1.60655,0,0,0,1184.12
1.61161,0,0,0,1184.12
1.61657,0,0,0,1184.12
1.62154,0,0,0,1184.12
1.62655,0,0,0,1184.12
1.63155,0,0,0,1184.12
1.63652,0,0,0,1184.12
1.64152,0,0,0,1184.12
1.64656,0,0,0,1184.12
1.65153,0,0,0,1184.12
1.65665,0,0,0,1184.12
1.66152,0,0,0,1184.12
1.66652,0,0,0,1184.12
1.67152,0,0,0,1184.12
1.67652,0,0,0,1184.12
1.68151,0,0,0,1184.12
1.68652,0,0,0,1184.12
1.69155,0,0,0,1184.12
1.69653,0,0,0,1184.12
1.70152,0,0,0,1184.12
1.70652,0,0,0,1184.12
1.71152,0,0,0,1184.12
1.71652,0,0,0,1184.12
1.7225,0,0,0,1184.12
1.72652,0,0,0,1184.12
1.73152,0,0,0,1184.12
1.73652,0,0,0,1184.12
1.74152,0,0,0,1184.12
1.74652,0,0,0,1184.12
1.75152,0,0,0,1184.12
1.75669,0,0,0,1184.12
1.76152,0,0,0,1184.12
1.76652,0,0,0,1184.12
1.77152,0,0,0,1184.12
1.77651,0,0,0,1184.12
1.78151,0,0,0,1184.12
1.78653,0,0,0,1184.12
1.79156,0,0,0,1184.12
1.79656,0,0,0,1184.12
1.80153,0,0,0,1184.12
1.80657,0,0,0,1184.12
1.81173,0,0,0,1184.12
1.81658,0,0,0,1184.12
1.82153,0,0,0,1184.12
1.82655,0,0,0,1184.12
1.83154,0,0,0,1184.12
1.83654,0,0,0,1184.12
1.84153,0,0,0,1184.12
1.84653,0,0,0,1184.12
1.85152,0,0,0,1184.12
1.85652,0,0,0,1185.87
1.86153,0,0,0,1185.87
1.86674,0,0,0,1185.87
1.87155,0,0,0,1185.87
1.8771,0,0,0,1185.87
1.88152,0,0,0,1185.87
1.88656,0,0,0,1185.87
1.89161,0,0,0,1185.87
1.89658,0,0,0,1185.87
1.90152,0,0,0,1185.87
1.90654,0,0,0,1185.87
1.91154,0,0,0,1185.87
1.9166,0,0,0,1185.87
1.92153,0,0,0,1185.87
1.92654,0,0,0,1185.87
1.93153,0,0,0,1185.87
1.93655,0,0,0,1185.87
1.94153,0,0,0,1185.87
1.94652,0,0,0,1185.87
1.95152,0,0,0,1185.87
1.95654,0,0,0,1185.87
1.96153,0,0,0,1185.87
1.96653,0,0,0,1185.87
1.97154,0,0,0,1185.87
1.97653,0,0,0,1185.87
1.98155,0,0,0,1185.87
1.98654,0,0,0,1185.87
1.99164,0,0,0,1185.87
1.99655,0,0,0,1185.87
2.00154,0,0,0,1185.87
2.00653,0,0,0,1185.87
2.01153,0,0,0,1185.87
2.01653,0,0,0,1185.87
2.02153,0,0,0,1185.87
2.02656,0,0,0,1185.87
2.03253,0,0,0,1185.87
2.03654,0,0,0,1185.87
2.04152,0,0,0,1185.87
2.04652,0,0,0,1185.87
2.05153,0,0,0,1185.87
2.05663,0,0,0,1185.87
2.06154,0,0,0,1185.87
2.06652,0,0,0,1185.87
2.07153,0,0,0,1185.87
2.07652,0,0,0,1185.87
2.08152,0,0,0,1185.87
2.08653,0,0,0,1185.87
2.09154,0,0,0,1185.87
2.09655,0,0,0,1185.87
2.10156,0,0,0,1185.87
2.10655,0,0,0,1185.87
2.11153,0,0,0,1185.87
2.11653,0,0,0,1185.87
2.12152,0,0,0,1185.87
2.12687,0,0,0,1185.87
2.13153,0,0,0,1185.87
2.13652,0,0,0,1185.87
2.14153,0,0,0,1185.87
2.14653,0,0,0,1185.87
2.15157,0,0,0,1185.87
2.15669,0,0,0,1185.87
2.16152,0,0,0,1185.87
2.16653,0,0,0,1185.87
2.17153,0,0,0,1185.87
2.17652,0,0,0,1185.87
2.18152,0,0,0,1185.87
2.18654,0,0,0,1185.87
2.19155,0,0,0,1187.36
2.19714,0,0,0,1187.36
2.20152,0,0,0,1187.36
2.20652,0,0,0,1187.36
2.21154,0,0,0,1187.36
2.21654,0,0,0,1187.36
2.22154,0,0,0,1187.36
2.22657,0,0,0,1187.36
2.23157,0,0,0,1187.36
2.23654,0,0,0,1187.36
2.24154,0,0,0,1187.36
2.24654,0,0,0,1187.36
2.25156,0,0,0,1187.36
2.25656,0,0,0,1187.36
2.26152,0,0,0,1187.36
2.26656,0,0,0,1187.36
2.27157,0,0,0,1187.36
2.27652,0,0,0,1187.36
2.28151,0,0,0,1187.36
2.28654,0,0,0,1187.36
2.29157,0,0,0,1187.36
2.29653,0,0,0,1187.36
2.30152,0,0,0,1187.36
2.30654,0,0,0,1187.36
2.31155,0,0,0,1187.36
2.31657,0,0,0,1187.36
2.32156,0,0,0,1187.36
2.32656,0,0,0,1187.36
2.33165,0,0,0,1187.36
2.33653,0,0,0,1187.36
2.34152,0,0,0,1187.36
2.34654,0,0,0,1187.36
2.35154,0,0,0,1187.36
2.3566,0,0,0,1187.36
2.36154,0,0,0,1187.36
2.36655,0,0,0,1187.36
2.37155,0,0,0,1187.36
2.37652,0,0,0,1187.36
2.38152,0,0,0,1187.36
2.38651,0,0,0,1187.36
2.39173,0,0,0,1187.36
2.39653,0,0,0,1187.36
2.40154,0,0,0,1187.36
2.40656,0,0,0,1187.36
2.41151,0,0,0,1187.36
2.41652,0,0,0,1187.36
2.42152,0,0,0,1187.36
2.42651,0,0,0,1187.36
2.43153,0,0,0,1187.36
2.43653,0,0,0,1187.36
2.44151,0,0,0,1187.36
2.44652,0,0,0,1187.36
2.45153,0,0,0,1187.36
2.45663,0,0,0,1187.36
2.46152,0,0,0,1187.36
2.46655,0,0,0,1187.36
2.47163,0,0,0,1187.36
2.47653,0,0,0,1187.36
2.48155,0,0,0,1187.36
2.48655,0,0,0,1187.36
2.49166,0,0,0,1187.36
2.49653,0,0,0,1187.36
2.50151,0,0,0,1187.36
2.50652,0,0,0,1187.36
2.51152,0,0,0,1187.36
2.51651,0,0,0,1187.36
2.52151,0,0,0,1187.36
2.52798,0,0,0,1184
2.53155,0,0,0,1184
2.53654,0,0,0,1184
2.54152,0,0,0,1184
2.54654,0,0,0,1184
2.55157,0,0,0,1184
2.55662,0,0,0,1184
2.5615,0,0,0,1184
2.56655,0,0,0,1184
2.57162,0,0,0,1184
2.57652,0,0,0,1184
2.58151,0,0,0,1184
2.58654,0,0,0,1184
2.59156,0,0,0,1184
2.59654,0,0,0,1184
2.60152,0,0,0,1184
2.60652,0,0,0,1184
2.61153,0,0,0,1184
2.61652,0,0,0,1184
2.62154,0,0,0,1184
2.62655,0,0,0,1184
2.63153,0,0,0,1184
2.63662,0,0,0,1184
2.64154,0,0,0,1184
2.6466,0,0,0,1184
2.65157,0,0,0,1184
2.6566,0,0,0,1184
2.66152,0,0,0,1184
2.66654,0,0,0,1184
2.67164,0,0,0,1184
2.67652,0,0,0,1184
2.68154,0,0,0,1184
2.68656,0,0,0,1184
2.69158,0,0,0,1184
2.69657,0,0,0,1184
2.70152,0,0,0,1184
2.70654,0,0,0,1184
2.71154,0,0,0,1184
2.71652,0,0,0,1184
2.72153,0,0,0,1184
2.72655,0,0,0,1184
2.73152,0,0,0,1184
2.73653,0,0,0,1184
2.74151,0,0,0,1184
2.74653,0,0,0,1184
2.75153,0,0,0,1184
2.75657,0,0,0,1184
2.76152,0,0,0,1184
2.76652,0,0,0,1184
2.77153,0,0,0,1184
2.77653,0,0,0,1184
2.78151,0,0,0,1184
2.78652,0,0,0,1184
2.79164,0,0,0,1184
2.79653,0,0,0,1184
2.80152,0,0,0,1184
2.80653,0,0,0,1184
2.81152,0,0,0,1184
2.81658,0,0,0,1184
2.82151,0,0,0,1184
2.82651,0,0,0,1184
2.83151,0,0,0,1184
2.83653,0,0,0,1184
2.84151,0,0,0,1184
2.84651,0,0,0,1184
2.85154,0,0,0,1182.48
2.85668,0,0,0,1182.48
2.86152,0,0,0,1182.48
2.86654,0,0,0,1182.48
2.87159,0,0,0,1182.48
2.87659,0,0,0,1182.48
2.88161,0,0,0,1182.48
2.88653,0,0,0,1182.48
2.8916,0,0,0,1182.48
2.89653,0,0,0,1182.48
2.90153,0,0,0,1182.48
2.90653,0,0,0,1182.48
2.91153,0,0,0,1182.48
2.91653,0,0,0,1182.48
2.92152,0,0,0,1182.48
2.92656,0,0,0,1182.48
2.93154,0,0,0,1182.48
2.93653,0,0,0,1182.48
2.94152,0,0,0,1182.48
2.94653,0,0,0,1182.48
2.95153,0,0,0,1182.48
2.95657,0,0,0,1182.48
2.96152,0,0,0,1182.48
2.96655,0,0,0,1182.48
2.97156,0,0,0,1182.48
2.97652,0,0,0,1182.48
2.98153,0,0,0,1182.48
2.98652,0,0,0,1182.48
2.99167,0,0,0,1182.48
2.99654,0,0,0,1182.48
3.00151,0,0,0,1182.48
3.00652,0,0,0,1182.48
3.01152,0,0,0,1182.48
3.01652,0,0,0,1182.48
3.02154,0,0,0,1182.48
3.02656,0,0,0,1182.48
3.03153,0,0,0,1182.48
3.03652,0,0,0,1182.48
3.04151,0,0,0,1182.48
3.04653,0,0,0,1182.48
3.05155,0,0,0,1182.48
3.05654,0,0,0,1182.48
3.06152,0,0,0,1182.48
3.06652,0,0,0,1182.48
3.07152,0,0,0,1182.48
3.07652,0,0,0,1182.48
3.08152,0,0,0,1182.48
3.08655,0,0,0,1182.48
3.09155,0,0,0,1182.48
3.09652,0,0,0,1182.48
3.10151,0,0,0,1182.48
3.10651,0,0,0,1182.48
3.11152,0,0,0,1182.48
3.11653,0,0,0,1182.48
3.12158,0,0,0,1182.48
3.12656,0,0,0,1182.48
3.13154,0,0,0,1182.48
3.13654,0,0,0,1182.48
3.14151,0,0,0,1182.48
3.14652,0,0,0,1182.48
3.15151,0,0,0,1182.48
3.15658,0,0,0,1182.48
3.16151,0,0,0,1182.48
3.16652,0,0,0,1182.48
3.17152,0,0,0,1182.48
3.17651,0,0,0,1182.48
3.18151,0,0,0,1183.66
3.18653,0,0,0,1183.66
3.19169,0,0,0,1183.66
3.19654,0,0,0,1183.66
3.2015,0,0,0,1183.66
3.20653,0,0,0,1183.66
3.21157,0,0,0,1183.66
3.21655,0,0,0,1183.66
3.22151,0,0,0,1183.66
3.22657,0,0,0,1183.66
3.23154,0,0,0,1183.66
3.23653,0,0,0,1183.66
3.24151,0,0,0,1183.66
3.24654,0,0,0,1183.66
3.25155,0,0,0,1183.66
3.25653,0,0,0,1183.66
3.26151,0,0,0,1183.66
3.26653,0,0,0,1183.66
3.27155,0,0,0,1183.66
3.27654,0,0,0,1183.66
3.28148,0,0,0,1183.66
3.28656,0,0,0,1183.66
3.29165,0,0,0,1183.66
3.29657,0,0,0,1183.66
3.3015,0,0,0,1183.66
3.30653,0,0,0,1183.66
3.31162,0,0,0,1183.66
3.31652,0,0,0,1183.66
3.32155,0,0,0,1183.66
3.32656,0,0,0,1183.66
3.33152,0,0,0,1183.66
3.33652,0,0,0,1183.66
3.34153,0,0,0,1183.66
3.34652,0,0,0,1183.66
3.35152,0,0,0,1183.66
3.35662,0,0,0,1183.66
3.3615,0,0,0,1183.66
3.36654,0,0,0,1183.66
3.37152,0,0,0,1183.66
3.37652,0,0,0,1183.66
3.38151,0,0,0,1183.66
3.38653,0,0,0,1183.66
3.39158,0,0,0,1183.66
3.39653,0,0,0,1183.66
3.40153,0,0,0,1183.66
3.40652,0,0,0,1183.66
3.41152,0,0,0,1183.66
3.41652,0,0,0,1183.66
3.42153,0,0,0,1183.66
3.42654,0,0,0,1183.66
3.43152,0,0,0,1183.66
3.43652,0,0,0,1183.66
3.44152,0,0,0,1183.66
3.44654,0,0,0,1183.66
3.45163,0,0,0,1183.66
3.45661,0,0,0,1183.66
3.46155,0,0,0,1183.66
3.46653,0,0,0,1183.66
3.47154,0,0,0,1183.66
3.47652,0,0,0,1183.66
3.48152,0,0,0,1183.66
3.48652,0,0,0,1183.66
3.49152,0,0,0,1183.66
3.49652,0,0,0,1183.66
3.50153,0,0,0,1183.66
3.50652,0,0,0,1183.48
3.51153,0,0,0,1183.48
3.51655,0,0,0,1183.48
3.52183,0,0,0,1183.48
3.52661,0,0,0,1183.48
3.5316,0,0,0,1183.48
3.53653,0,0,0,1183.48
3.54163,0,0,0,1183.48
3.54656,0,0,0,1183.48
3.55159,0,0,0,1183.48
3.55662,0,0,0,1183.48
3.56156,0,0,0,1183.48
3.56654,0,0,0,1183.48
3.57152,0,0,0,1183.48
3.57652,0,0,0,1183.48
3.58153,0,0,0,1183.48
3.58654,0,0,0,1183.48
3.59167,0,0,0,1183.48
3.59653,0,0,0,1183.48
3.60153,0,0,0,1183.48
3.60655,0,0,0,1183.48
3.61155,0,0,0,1183.48
3.61655,0,0,0,1183.48
3.62156,0,0,0,1183.48
3.6266,0,0,0,1183.48
3.63162,0,0,0,1183.48
3.63655,0,0,0,1183.48
3.64152,0,0,0,1183.48
3.64652,0,0,0,1183.48
3.65152,0,0,0,1183.48
3.65654,0,0,0,1183.48
3.66153,0,0,0,1183.48
3.66652,0,0,0,1183.48
3.67152,0,0,0,1183.48
3.67652,0,0,0,1183.48
3.68152,0,0,0,1183.48
3.68652,0,0,0,1183.48
3.69153,0,0,0,1183.48
3.69652,0,0,0,1183.48
3.70152,0,0,0,1183.48
3.70652,0,0,0,1183.48
3.71154,0,0,0,1183.48
3.71657,0,0,0,1183.48
3.72153,0,0,0,1183.48
3.72654,0,0,0,1183.48
3.73152,0,0,0,1183.48
3.73654,0,0,0,1183.48
3.74153,0,0,0,1183.48
3.74652,0,0,0,1183.48
3.75155,0,0,0,1183.48
3.75654,0,0,0,1183.48
3.76152,0,0,0,1183.48
3.76653,0,0,0,1183.48
3.77153,0,0,0,1183.48
3.77652,0,0,0,1183.48
3.78152,0,0,0,1183.48
3.78652,0,0,0,1183.48
3.79154,0,0,0,1183.48
3.79653,0,0,0,1183.48
3.80151,0,0,0,1183.48
3.80651,0,0,0,1183.48
3.81151,0,0,0,1183.48
3.81652,0,0,0,1184.76
3.82154,0,0,0,1184.76
3.8266,0,0,0,1184.76
3.83159,0,0,0,1184.76
3.83661,0,0,0,1184.76
3.84161,0,0,0,1184.76
3.84653,0,0,0,1184.76
3.85154,0,0,0,1184.76
3.85661,0,0,0,1184.76
3.86155,0,0,0,1184.76
3.86653,0,0,0,1184.76
3.87155,0,0,0,1184.76
3.87654,0,0,0,1184.76
3.88157,0,0,0,1184.76
3.88659,0,0,0,1184.76
3.89173,0,0,0,1184.76
3.89654,0,0,0,1184.76
3.90155,0,0,0,1184.76
3.90655,0,0,0,1184.76
3.91154,0,0,0,1184.76
3.91662,0,0,0,1184.76
3.92159,0,0,0,1184.76
3.92656,0,0,0,1184.76
3.93156,0,0,0,1184.76
3.93664,0,0,0,1184.76
3.94154,0,0,0,1184.76
3.94654,0,0,0,1184.76
3.95155,0,0,0,1184.76
3.95661,0,0,0,1184.76
3.96161,0,0,0,1184.76
3.96652,0,0,0,1184.76
3.97152,0,0,0,1184.76
3.97652,0,0,0,1184.76
3.98152,0,0,0,1184.76
3.98653,0,0,0,1184.76
3.99155,0,0,0,1184.76
3.99655,0,0,0,1184.76
4.00152,0,0,0,1184.76
4.00652,0,0,0,1184.76
4.01152,0,0,0,1184.76
4.01652,0,0,0,1184.76
4.02161,0,0,0,1184.76
4.02654,0,0,0,1184.76
4.03152,0,0,0,1184.76
4.03653,0,0,0,1184.76
4.04152,0,0,0,1184.76
4.04651,0,0,0,1184.76
4.05153,0,0,0,1184.76
4.05657,0,0,0,1184.76
4.06152,0,0,0,1184.76
4.06652,0,0,0,1184.76
4.07152,0,0,0,1184.76
4.07652,0,0,0,1184.76
4.08154,0,0,0,1184.76
4.08655,0,0,0,1184.76
4.09163,0,0,0,1184.76
4.09654,0,0,0,1184.76
4.10152,0,0,0,1184.76
4.10657,0,0,0,1184.76
4.11152,0,0,0,1184.76
4.11652,0,0,0,1184.76
4.12152,0,0,0,1184.76
4.12651,0,0,0,1184.76
4.13152,0,0,0,1184.27
4.13653,0,0,0,1184.27
4.14152,0,0,0,1184.27
4.14663,0,0,0,1184.27
4.15162,0,0,0,1184.27
4.15661,0,0,0,1184.27
4.16153,0,0,0,1184.27
4.16653,0,0,0,1184.27
4.17153,0,0,0,1184.27
4.17653,0,0,0,1184.27
4.18156,0,0,0,1184.27
4.18652,0,0,0,1184.27
4.19179,0,0,0,1184.27
4.19654,0,0,0,1184.27
4.20152,0,0,0,1184.27
4.20653,0,0,0,1184.27
4.21152,0,0,0,1184.27
4.21652,0,0,0,1184.27
4.22157,0,0,0,1184.27
4.22654,0,0,0,1184.27
4.23153,0,0,0,1184.27
4.23654,0,0,0,1184.27
4.24154,0,0,0,1184.27
4.24659,0,0,0,1184.27
4.25162,0,0,0,1184.27
4.25657,0,0,0,1184.27
4.26157,0,0,0,1184.27
4.26653,0,0,0,1184.27
4.27164,0,0,0,1184.27
4.27656,0,0,0,1184.27
4.28152,0,0,0,1184.27
4.28653,0,0,0,1184.27
4.29155,0,0,0,1184.27
4.29653,0,0,0,1184.27
4.30153,0,0,0,1184.27
4.30652,0,0,0,1184.27
4.31152,0,0,0,1184.27
4.31652,0,0,0,1184.27
4.32153,0,0,0,1184.27
4.32663,0,0,0,1184.27
4.33155,0,0,0,1184.27
4.33656,0,0,0,1184.27
4.34164,0,0,0,1184.27
4.34654,0,0,0,1184.27
4.35156,0,0,0,1184.27
4.35655,0,0,0,1184.27
4.36156,0,0,0,1184.27
4.36652,0,0,0,1184.27
4.37152,0,0,0,1184.27
4.37652,0,0,0,1184.27
4.38152,0,0,0,1184.27
4.38652,0,0,0,1184.27
4.39155,0,0,0,1184.27
4.39654,0,0,0,1184.27
4.40153,0,0,0,1184.27
4.40654,0,0,0,1184.27
4.41155,0,0,0,1184.27
4.4166,0,0,0,1184.27
4.42155,0,0,0,1184.27
4.42654,0,0,0,1184.27
4.43152,0,0,0,1184.27
4.43651,0,0,0,1184.27
4.44151,0,0,0,1184.27
4.44653,0,0,0,1181.53
4.45197,0,0,0,1181.53
4.45662,0,0,0,1181.53
4.46161,0,0,0,1181.53
4.46653,0,0,0,1181.53
4.47152,0,0,0,1181.53
4.47652,0,0,0,1181.53
4.48152,0,0,0,1181.53
4.48659,0,0,0,1181.53
4.49183,0,0,0,1181.53
4.49653,0,0,0,1181.53
4.5016,0,0,0,1181.53
4.50659,0,0,0,1181.53
4.51155,0,0,0,1181.53
4.51652,0,0,0,1181.53
4.52161,0,0,0,1181.53
4.52656,0,0,0,1181.53
4.53155,0,0,0,1181.53
4.53654,0,0,0,1181.53
4.54152,0,0,0,1181.53
4.54653,0,0,0,1181.53
4.55153,0,0,0,1181.53
4.55673,0,0,0,1181.53
4.56156,0,0,0,1181.53
4.56654,0,0,0,1181.53
4.57155,0,0,0,1181.53
4.57656,0,0,0,1181.53
4.58155,0,0,0,1181.53
4.58654,0,0,0,1181.53
4.59156,0,0,0,1181.53
4.59653,0,0,0,1181.53
4.60153,0,0,0,1181.53
4.60652,0,0,0,1181.53
4.61153,0,0,0,1181.53
4.61652,0,0,0,1181.53
4.62153,0,0,0,1181.53
4.62655,0,0,0,1181.53
4.63152,0,0,0,1181.53
4.63652,0,0,0,1181.53
4.64158,0,0,0,1181.53
4.64655,0,0,0,1181.53
4.65155,0,0,0,1181.53
4.65662,0,0,0,1181.53
4.66157,0,0,0,1181.53
4.66652,0,0,0,1181.53
4.67155,0,0,0,1181.53
4.6766,0,0,0,1181.53
4.68155,0,0,0,1181.53
4.68652,0,0,0,1181.53
4.69155,0,0,0,1181.53
4.69653,0,0,0,1181.53
4.70152,0,0,0,1181.53
4.70654,0,0,0,1181.53
4.71154,0,0,0,1181.53
4.71652,0,0,0,1181.53
4.72164,0,0,0,1181.53
4.72654,0,0,0,1181.53
4.73152,0,0,0,1181.53
4.73652,0,0,0,1181.53
4.74152,0,0,0,1181.53
4.74651,0,0,0,1181.53
4.75153,0,0,0,1181.53
4.75651,0,0,0,1181.53
4.76151,0,0,0,1181.53
4.76663,0,0,0,1182.96
4.77154,0,0,0,1182.96
4.77655,0,0,0,1182.96
4.78155,0,0,0,1182.96
4.78654,0,0,0,1182.96
4.79176,0,0,0,1182.96
4.79653,0,0,0,1182.96
4.80162,0,0,0,1182.96
4.80652,0,0,0,1182.96
4.81153,0,0,0,1182.96
4.81652,0,0,0,1182.96
4.82159,0,0,0,1182.96
4.82656,0,0,0,1182.96
4.83153,0,0,0,1182.96
4.83652,0,0,0,1182.96
4.84153,0,0,0,1182.96
4.84652,0,0,0,1182.96
4.85165,0,0,0,1182.96
4.8566,0,0,0,1182.96
4.86157,0,0,0,1182.96
4.86662,0,0,0,1182.96
4.87157,0,0,0,1182.96
4.87661,0,0,0,1182.96
4.88157,0,0,0,1182.96
4.88653,0,0,0,1182.96
4.89158,0,0,0,1182.96
4.89655,0,0,0,1182.96
4.90152,0,0,0,1182.96
4.90653,0,0,0,1182.96
4.91163,0,0,0,1182.96
4.91653,0,0,0,1182.96
4.92154,0,0,0,1182.96
4.92656,0,0,0,1182.96
4.93152,0,0,0,1182.96
4.93652,0,0,0,1182.96
4.94152,0,0,0,1182.96
4.94661,0,0,0,1182.96
4.95154,0,0,0,1182.96
4.95652,0,0,0,1182.96
4.96157,0,0,0,1182.96
4.96654,0,0,0,1182.96
4.97152,0,0,0,1182.96
4.97652,0,0,0,1182.96
4.98154,0,0,0,1182.96
4.98654,0,0,0,1182.96
4.99168,0,0,0,1182.96
4.99653,0,0,0,1182.96
5.00152,0,0,0,1182.96
5.00652,0,0,0,1182.96
5.01155,0,0,0,1182.96
5.01656,0,0,0,1182.96
5.02154,0,0,0,1182.96
5.02655,0,0,0,1182.96
5.03157,0,0,0,1182.96
5.03654,0,0,0,1182.96
5.04153,0,0,0,1182.96
5.04654,0,0,0,1182.96
5.05166,0,0,0,1182.96
5.0566,0,0,0,1182.96
5.06155,0,0,0,1182.96
5.06651,0,0,0,1182.96
5.07153,0,0,0,1182.96
5.07652,0,0,0,1186.18
5.08152,0,0,0,1186.18
5.08653,0,0,0,1186.18
5.09173,0,0,0,1186.18
5.09654,0,0,0,1186.18
5.10838,0,0,0,1186.18
5.11153,0,0,0,1186.18
5.11652,0,0,0,1186.18
5.12155,0,0,0,1186.18
5.12655,0,0,0,1186.18
5.13153,0,0,0,1186.18
5.1366,0,0,0,1186.18
5.14153,0,0,0,1186.18
5.14654,0,0,0,1186.18
5.15155,0,0,0,1186.18
5.15666,0,0,0,1186.18
5.16159,0,0,0,1186.18
5.16655,0,0,0,1186.18
5.17157,0,0,0,1186.18
5.17663,0,0,0,1186.18
5.18154,0,0,0,1186.18
5.18653,0,0,0,1186.18
5.19166,0,0,0,1186.18
5.19653,0,0,0,1186.18
5.20152,0,0,0,1186.18
5.20653,0,0,0,1186.18
5.21152,0,0,0,1186.18
5.21652,0,0,0,1186.18
5.22154,0,0,0,1186.18
5.22654,0,0,0,1186.18
5.23153,0,0,0,1186.18
5.23654,0,0,0,1186.18
5.24154,0,0,0,1186.18
5.24654,0,0,0,1186.18
5.25162,0,0,0,1186.18
5.25653,0,0,0,1186.18
5.26153,0,0,0,1186.18
5.26652,0,0,0,1186.18
5.27152,0,0,0,1186.18
5.27652,0,0,0,1186.18
5.28152,0,0,0,1186.18
5.28652,0,0,0,1186.18
5.29156,0,0,0,1186.18
5.29653,0,0,0,1186.18
5.30154,0,0,0,1186.18
5.30654,0,0,0,1186.18
5.31154,0,0,0,1186.18
5.31651,0,0,0,1186.18
5.32157,0,0,0,1186.18
5.32663,0,0,0,1186.18
5.33166,0,0,0,1186.18
5.33652,0,0,0,1186.18
5.34156,0,0,0,1186.18
5.34662,0,0,0,1186.18
5.35157,0,0,0,1186.18
5.35662,0,0,0,1186.18
5.36157,0,0,0,1186.18
5.36655,0,0,0,1186.18
5.37637,0,0,0,1186.18
5.37651,0,0,0,1186.18
5.38151,0,0,0,1186.18
5.38652,0,0,0,1185.11
5.39152,0,0,0,1185.11
5.3966,0,0,0,1185.11
5.40152,0,0,0,1185.11
5.40654,0,0,0,1185.11
5.41154,0,0,0,1185.11
5.41654,0,0,0,1185.11
5.42153,0,0,0,1185.11
5.42659,0,0,0,1185.11
5.43167,0,0,0,1185.11
5.43662,0,0,0,1185.11
5.44154,0,0,0,1185.11
5.44668,0,0,0,1185.11
5.45156,0,0,0,1185.11
5.45655,0,0,0,1185.11
5.46154,0,0,0,1185.11
5.46664,0,0,0,1185.11
5.47158,0,0,0,1185.11
5.47662,0,0,0,1185.11
5.48155,0,0,0,1185.11
5.4866,0,0,0,1185.11
5.4917,0,0,0,1185.11
5.49653,0,0,0,1185.11
5.50154,0,0,0,1185.11
5.50652,0,0,0,1185.11
5.51152,0,0,0,1185.11
5.51651,0,0,0,1185.11
5.52148,0,0,0,1185.11
5.52653,0,0,0,1185.11
5.53152,0,0,0,1185.11
5.53654,0,0,0,1185.11
5.54152,0,0,0,1185.11
5.54654,0,0,0,1185.11
5.55163,0,0,0,1185.11
5.55663,0,0,0,1185.11
5.56155,0,0,0,1185.11
5.56651,0,0,0,1185.11
5.57153,0,0,0,1185.11
5.57653,0,0,0,1185.11
5.58153,0,0,0,1185.11
5.58652,0,0,0,1185.11
5.59159,0,0,0,1185.11
5.59653,0,0,0,1185.11
5.60152,0,0,0,1185.11
5.60652,0,0,0,1185.11
5.61152,0,0,0,1185.11
5.61652,0,0,0,1185.11
5.62153,0,0,0,1185.11
5.62658,0,0,0,1185.11
5.63156,0,0,0,1185.11
5.63652,0,0,0,1185.11
5.64155,0,0,0,1185.11
5.64656,0,0,0,1185.11
5.65163,0,0,0,1185.11
5.65659,0,0,0,1185.11
5.66157,0,0,0,1185.11
5.66655,0,0,0,1185.11
5.67153,0,0,0,1185.11
5.67656,0,0,0,1185.11
5.68152,0,0,0,1185.11
5.68651,0,0,0,1185.11
5.69152,0,0,0,1185.11
5.69651,0,0,0,1185.11
5.70153,0,0,0,1185.11
5.70653,0,0,0,1185.11
5.71151,0,0,0,1185.1
5.71652,0,0,0,1185.1
5.72153,0,0,0,1185.1
5.72764,0,0,0,1185.1
5.73156,0,0,0,1185.1
5.73654,0,0,0,1185.1
5.74156,0,0,0,1185.1
5.74654,0,0,0,1185.1
5.75155,0,0,0,1185.1
5.75662,0,0,0,1185.1
5.76154,0,0,0,1185.1
5.76652,0,0,0,1185.1
5.77154,0,0,0,1185.1
5.77657,0,0,0,1185.1
5.78153,0,0,0,1185.1
5.78654,0,0,0,1185.1
5.7916,0,0,0,1185.1
5.79654,0,0,0,1185.1
5.80154,0,0,0,1185.1
5.80652,0,0,0,1185.1
5.81153,0,0,0,1185.1
5.81653,0,0,0,1185.1
5.82154,0,0,0,1185.1
5.82655,0,0,0,1185.1
5.83153,0,0,0,1185.1
5.83653,0,0,0,1185.1
5.84153,0,0,0,1185.1
5.84652,0,0,0,1185.1
5.85152,0,0,0,1185.1
5.8566,0,0,0,1185.1
5.86153,0,0,0,1185.1
5.86652,0,0,0,1185.1
5.87152,0,0,0,1185.1
5.8766,0,0,0,1185.1
5.88154,0,0,0,1185.1
5.88652,0,0,0,1185.1
5.89158,0,0,0,1185.1
5.89652,0,0,0,1185.1
5.90154,0,0,0,1185.1
5.90654,0,0,0,1185.1
5.91152,0,0,0,1185.1
5.91652,0,0,0,1185.1
5.92148,0,0,0,1185.1
5.92653,0,0,0,1185.1
5.93152,0,0,0,1185.1
5.93652,0,0,0,1185.1
5.94152,0,0,0,1185.1
5.94652,0,0,0,1185.1
5.95152,0,0,0,1185.1
5.9566,0,0,0,1185.1
5.96153,0,0,0,1185.1
5.96652,0,0,0,1185.1
5.97158,0,0,0,1185.1
5.97653,0,0,0,1185.1
5.98153,0,0,0,1185.1
5.98653,0,0,0,1185.1
5.99154,0,0,0,1185.1
5.99659,0,0,0,1185.1
6.00152,0,0,0,1185.1
6.00652,0,0,0,1185.1
6.01152,0,0,0,1185.1
6.01652,0,0,0,1185.1
6.02151,0,0,0,1185.1
6.02651,0,0,0,1185.1
6.03151,0,0,0,1185.1
6.03652,0,0,0,1185.1
6.04155,0,0,0,1184.93
6.04653,0,0,0,1184.93
6.05205,0,0,0,1184.93
6.05657,0,0,0,1184.93
6.06161,0,0,0,1184.93
6.06655,0,0,0,1184.93
6.07159,0,0,0,1184.93
6.07652,0,0,0,1184.93
6.08154,0,0,0,1184.93
6.08652,0,0,0,1184.93
6.09165,0,0,0,1184.93
6.09653,0,0,0,1184.93
6.10154,0,0,0,1184.93
6.10652,0,0,0,1184.93
6.11152,0,0,0,1184.93
6.11652,0,0,0,1184.93
6.12153,0,0,0,1184.93
6.12655,0,0,0,1184.93
6.13153,0,0,0,1184.93
6.13653,0,0,0,1184.93
6.14153,0,0,0,1184.93
6.14653,0,0,0,1184.93
6.15152,0,0,0,1184.93
6.15656,0,0,0,1184.93
6.16153,0,0,0,1184.93
6.16652,0,0,0,1184.93
6.17158,0,0,0,1184.93
6.17659,0,0,0,1184.93
6.18152,0,0,0,1184.93
6.18652,0,0,0,1184.93
6.19167,0,0,0,1184.93
6.19653,0,0,0,1184.93
6.20153,0,0,0,1184.93
6.20652,0,0,0,1184.93
6.21152,0,0,0,1184.93
6.21652,0,0,0,1184.93
6.22152,0,0,0,1184.93
6.22657,0,0,0,1184.93
6.23152,0,0,0,1184.93
6.23652,0,0,0,1184.93
6.24152,0,0,0,1184.93
6.24652,0,0,0,1184.93
6.25152,0,0,0,1184.93
6.25653,0,0,0,1184.93
6.26152,0,0,0,1184.93
6.26652,0,0,0,1184.93
6.27153,0,0,0,1184.93
6.27653,0,0,0,1184.93
6.28154,0,0,0,1184.93
6.28661,0,0,0,1184.93
6.2916,0,0,0,1184.93
6.29653,0,0,0,1184.93
6.30152,0,0,0,1184.93
6.30654,0,0,0,1184.93
6.31153,0,0,0,1184.93
6.31652,0,0,0,1184.93
6.32153,0,0,0,1184.93
6.32655,0,0,0,1184.93
6.33153,0,0,0,1184.93
6.33651,0,0,0,1184.93
6.34151,0,0,0,1184.93
6.34651,0,0,0,1184.93
6.35152,0,0,0,1185.7
6.35661,0,0,0,1185.7
6.36155,0,0,0,1185.7
6.36654,0,0,0,1185.7
6.37183,0,0,0,1185.7
6.37658,0,0,0,1185.7
6.38152,0,0,0,1185.7
6.38653,0,0,0,1185.7
6.39174,0,0,0,1185.7
6.39655,0,0,0,1185.7
6.40153,0,0,0,1185.7
6.40652,0,0,0,1185.7
6.41152,0,0,0,1185.7
6.41653,0,0,0,1185.7
6.42152,0,0,0,1185.7
6.42655,0,0,0,1185.7
6.43156,0,0,0,1185.7
6.43655,0,0,0,1185.7
6.44156,0,0,0,1185.7
6.44652,0,0,0,1185.7
6.45153,0,0,0,1185.7
6.45662,0,0,0,1185.7
6.46156,0,0,0,1185.7
6.46652,0,0,0,1185.7
6.47156,0,0,0,1185.7
6.47652,0,0,0,1185.7
6.48152,0,0,0,1185.7
6.48652,0,0,0,1185.7
6.49168,0,0,0,1185.7
6.49653,0,0,0,1185.7
6.50152,0,0,0,1185.7
6.50652,0,0,0,1185.7
6.51152,0,0,0,1185.7
6.51654,0,0,0,1185.7
6.52153,0,0,0,1185.7
6.52652,0,0,0,1185.7
6.53152,0,0,0,1185.7
6.53652,0,0,0,1185.7
6.54152,0,0,0,1185.7
6.54652,0,0,0,1185.7
6.55152,0,0,0,1185.7
6.55662,0,0,0,1185.7
6.56153,0,0,0,1185.7
6.56652,0,0,0,1185.7
6.57157,0,0,0,1185.7
6.57652,0,0,0,1185.7
6.58152,0,0,0,1185.7
6.58655,0,0,0,1185.7
6.59169,0,0,0,1185.7
6.59657,0,0,0,1185.7
6.60153,0,0,0,1185.7
6.60654,0,0,0,1185.7
6.61152,0,0,0,1185.7
6.61652,0,0,0,1185.7
6.6216,0,0,0,1185.7
6.62661,0,0,0,1185.7
6.63153,0,0,0,1185.7
6.63653,0,0,0,1185.7
6.64152,0,0,0,1185.7
6.64652,0,0,0,1185.7
6.65151,0,0,0,1185.7
6.65652,0,0,0,1185.7
6.66151,0,0,0,1185.7
6.66652,0,0,0,1186.78
6.67154,0,0,0,1186.78
6.67653,0,0,0,1186.78
6.68152,0,0,0,1186.78
6.68653,0,0,0,1186.78
6.6918,0,0,0,1186.78
6.69654,0,0,0,1186.78
6.70153,0,0,0,1186.78
6.70653,0,0,0,1186.78
6.71152,0,0,0,1186.78
6.71653,0,0,0,1186.78
6.72154,0,0,0,1186.78
6.72656,0,0,0,1186.78
6.73154,0,0,0,1186.78
6.73659,0,0,0,1186.78
6.74155,0,0,0,1186.78
6.74653,0,0,0,1186.78
6.75162,0,0,0,1186.78
6.75658,0,0,0,1186.78
6.7616,0,0,0,1186.78
6.76652,0,0,0,1186.78
6.77153,0,0,0,1186.78
6.77666,0,0,0,1186.78
6.78152,0,0,0,1186.78
6.78652,0,0,0,1186.78
6.79168,0,0,0,1186.78
6.79653,0,0,0,1186.78
6.80152,0,0,0,1186.78
6.80652,0,0,0,1186.78
6.81153,0,0,0,1186.78
6.81652,0,0,0,1186.78
6.82154,0,0,0,1186.78
6.82654,0,0,0,1186.78
6.83153,0,0,0,1186.78
6.83654,0,0,0,1186.78
6.84158,0,0,0,1186.78
6.84654,0,0,0,1186.78
6.85153,0,0,0,1186.78
6.85659,0,0,0,1186.78
6.86155,0,0,0,1186.78
6.86652,0,0,0,1186.78
6.87152,0,0,0,1186.78
6.87651,0,0,0,1186.78
6.88152,0,0,0,1187.31
6.88663,0,0,0,1187.31
6.89154,0,0,0,1187.31
6.89653,0,0,0,1187.31
6.90154,0,0,0,1187.31
6.90655,0,0,0,1187.31
6.91154,0,0,0,1187.31
6.91654,0,0,0,1187.31
6.92155,0,0,0,1187.31
6.92659,0,0,0,1187.31
6.93155,0,0,0,1187.31
6.93655,0,0,0,1187.31
6.94154,0,0,0,1187.31
6.94653,0,0,0,1187.31
6.95154,0,0,0,1187.31
6.95659,0,0,0,1187.31
6.96155,0,0,0,1187.31
6.96661,0,0,0,1187.31
6.97154,0,0,0,1187.31
6.97653,0,0,0,1187.31
6.98153,0,0,0,1187.31
6.98653,0,0,0,1187.31
6.99169,0,0,0,1187.31
6.99653,0,0,0,1187.31
7.00152,0,0,0,1187.31
7.00652,0,0,0,1187.31
7.01152,0,0,0,1187.31
7.01652,0,0,0,1187.31
7.02153,0,0,0,1187.31
7.02653,0,0,0,1187.31
7.03153,0,0,0,1187.31
7.03653,0,0,0,1187.31
7.04154,0,0,0,1187.31
7.04652,0,0,0,1187.31
7.05154,0,0,0,1187.31
7.05657,0,0,0,1187.31
7.06174,0,0,0,1187.31
7.06652,0,0,0,1187.31
7.07154,0,0,0,1187.31
7.07658,0,0,0,1187.31
7.08153,0,0,0,1187.31
7.08652,0,0,0,1187.31
7.09162,0,0,0,1187.31
7.09655,0,0,0,1187.31
7.10158,0,0,0,1187.31
7.10651,0,0,0,1187.31
7.11153,0,0,0,1187.31
7.11652,0,0,0,1187.31
7.12153,0,0,0,1187.31
7.12654,0,0,0,1187.31
7.13157,0,0,0,1187.31
7.13666,0,0,0,1187.31
7.14155,0,0,0,1187.31
7.14653,0,0,0,1187.31
7.15169,0,0,0,1187.31
7.15662,0,0,0,1187.31
7.16155,0,0,0,1187.31
7.16653,0,0,0,1187.31
7.17155,0,0,0,1187.31
7.17659,0,0,0,1187.31
7.18155,0,0,0,1187.31
7.18653,0,0,0,1187.31
7.19161,0,0,0,1187.31
7.19655,0,0,0,1187.31
7.20154,0,0,0,1187.31
7.20654,0,0,0,1187.31
7.21167,0,0,0,1187.31
7.21691,0,0,0,1187.31
7.22153,0,0,0,1187.31
7.22655,0,0,0,1187.31
7.23155,0,0,0,1187.31
7.23653,0,0,0,1187.31
7.24154,0,0,0,1187.31
7.24652,0,0,0,1187.31
7.25155,0,0,0,1187.31
7.25654,0,0,0,1187.31
7.26155,0,0,0,1187.31
7.26652,0,0,0,1187.31
7.27153,0,0,0,1187.31
7.27653,0,0,0,1187.31
7.28153,0,0,0,1187.31
7.28653,0,0,0,1187.31
7.29163,0,0,0,1187.31
7.29659,0,0,0,1187.31
7.30158,0,0,0,1187.31
7.30655,0,0,0,1187.31
7.31163,0,0,0,1187.31
7.31653,0,0,0,1187.31
7.32152,0,0,0,1187.31
7.32652,0,0,0,1187.31
7.33152,0,0,0,1187.31
7.33674,0,0,0,1187.31
7.34151,0,0,0,1187.31
7.34651,0,0,0,1184.8
7.35155,0,0,0,1184.8
7.35658,0,0,0,1184.8
7.36154,0,0,0,1184.8
7.36654,0,0,0,1184.8
7.37151,0,0,0,1184.8
7.37658,0,0,0,1184.8
7.38152,0,0,0,1184.8
7.38654,0,0,0,1184.8
7.39166,0,0,0,1184.8
7.39654,0,0,0,1184.8
7.40153,0,0,0,1184.8
7.40653,0,0,0,1184.8
7.41154,0,0,0,1184.8
7.4166,0,0,0,1184.8
7.42156,0,0,0,1184.8
7.42654,0,0,0,1184.8
7.43154,0,0,0,1184.8
7.43653,0,0,0,1184.8
7.44152,0,0,0,1184.8
7.44652,0,0,0,1184.8
7.45152,0,0,0,1184.8
7.45662,0,0,0,1184.8
7.46155,0,0,0,1184.8
7.46652,0,0,0,1184.8
7.47152,0,0,0,1184.8
7.47659,0,0,0,1184.8
7.48152,0,0,0,1184.8
7.48652,0,0,0,1184.8
7.49169,0,0,0,1184.8
7.49653,0,0,0,1184.8
7.50154,0,0,0,1184.8
7.50653,0,0,0,1184.8
7.51152,0,0,0,1184.8
7.51653,0,0,0,1184.8
7.52153,0,0,0,1184.8
7.52655,0,0,0,1184.8
7.53152,0,0,0,1184.8
7.53651,0,0,0,1184.8
7.54151,0,0,0,1184.8
7.54652,0,0,0,1184.16
7.55155,0,0,0,1184.16
7.55654,0,0,0,1184.16
7.56154,0,0,0,1184.16
7.56653,0,0,0,1184.16
7.57155,0,0,0,1184.16
7.57656,0,0,0,1184.16
7.58153,0,0,0,1184.16
7.58653,0,0,0,1184.16
7.59164,0,0,0,1184.16
7.59655,0,0,0,1184.16
7.60153,0,0,0,1184.16
7.60652,0,0,0,1184.16
7.61154,0,0,0,1184.16
7.6166,0,0,0,1184.16
7.62154,0,0,0,1184.16
7.62652,0,0,0,1184.16
7.63154,0,0,0,1184.16
7.63653,0,0,0,1184.16
7.64152,0,0,0,1184.16
7.64652,0,0,0,1184.16
7.65152,0,0,0,1184.16
7.65653,0,0,0,1184.16
7.66153,0,0,0,1184.16
7.66652,0,0,0,1184.16
7.67153,0,0,0,1184.16
7.67653,0,0,0,1184.16
7.68152,0,0,0,1184.16
7.68652,0,0,0,1184.16
7.69166,0,0,0,1184.16
7.69654,0,0,0,1184.16
7.70153,0,0,0,1184.16
7.70653,0,0,0,1184.16
7.71167,0,0,0,1184.16
7.71658,0,0,0,1184.16
7.72153,0,0,0,1184.16
7.72654,0,0,0,1184.16
7.73152,0,0,0,1184.16
7.73652,0,0,0,1184.16
7.74152,0,0,0,1184.16
7.74651,0,0,0,1184.16
7.75151,0,0,0,1184.16
7.75663,0,0,0,1183.01
7.76155,0,0,0,1183.01
7.76651,0,0,0,1183.01
7.77152,0,0,0,1183.01
7.77655,0,0,0,1183.01
7.78156,0,0,0,1183.01
7.78655,0,0,0,1183.01
7.79169,0,0,0,1183.01
7.79654,0,0,0,1183.01
7.80156,0,0,0,1183.01
7.80654,0,0,0,1183.01
7.81157,0,0,0,1183.01
7.81657,0,0,0,1183.01
7.82155,0,0,0,1183.01
7.82655,0,0,0,1183.01
7.83155,0,0,0,1183.01
7.83654,0,0,0,1183.01
7.84154,0,0,0,1183.01
7.84652,0,0,0,1183.01
7.85157,0,0,0,1183.01
7.85661,0,0,0,1183.01
7.86155,0,0,0,1183.01
7.86652,0,0,0,1183.01
7.87157,0,0,0,1183.01
7.8766,0,0,0,1183.01
7.88154,0,0,0,1183.01
7.88653,0,0,0,1183.01
7.89165,0,0,0,1183.01
7.89655,0,0,0,1183.01
7.90154,0,0,0,1183.01
7.90652,0,0,0,1183.01
7.91152,0,0,0,1183.01
7.91652,0,0,0,1183.01
7.92153,0,0,0,1183.01
7.92653,0,0,0,1183.01
7.9316,0,0,0,1183.01
7.93653,0,0,0,1183.01
7.94152,0,0,0,1183.01
7.94652,0,0,0,1183.01
7.95152,0,0,0,1183.01
7.95786,0,0,0,1183.01
7.96155,0,0,0,1183.01
7.96653,0,0,0,1183.01
7.97152,0,0,0,1183.01
7.97652,0,0,0,1183.01
7.98152,0,0,0,1183.01
7.98654,0,0,0,1183.01
7.99165,0,0,0,1183.01
7.99653,0,0,0,1183.01
8.00154,0,0,0,1183.01
8.00655,0,0,0,1183.01
8.01155,0,0,0,1183.01
8.01657,0,0,0,1183.01
8.02152,0,0,0,1183.01
8.02654,0,0,0,1183.01
8.03154,0,0,0,1183.01
8.03656,0,0,0,1183.01
8.04166,0,0,0,1183.01
8.04654,0,0,0,1183.01
8.05153,0,0,0,1183.01
8.05664,0,0,0,1183.01
8.06156,0,0,0,1183.01
8.06651,0,0,0,1183.01
8.07151,0,0,0,1183.01
8.07651,0,0,0,1183.01
8.08152,0,0,0,1183.01
8.08651,0,0,0,1183.01
8.09151,0,0,0,1183.17
8.09653,0,0,0,1183.17
8.10161,0,0,0,1183.17
8.10652,0,0,0,1183.17
8.11154,0,0,0,1183.17
8.11654,0,0,0,1183.17
8.12153,0,0,0,1183.17
8.12653,0,0,0,1183.17
8.13154,0,0,0,1183.17
8.13654,0,0,0,1183.17
8.14153,0,0,0,1183.17
8.14652,0,0,0,1183.17
8.15153,0,0,0,1183.17
8.15654,0,0,0,1183.17
8.16154,0,0,0,1183.17
8.16652,0,0,0,1183.17
8.17153,0,0,0,1183.17
8.17653,0,0,0,1183.17
8.18153,0,0,0,1183.17
8.18655,0,0,0,1183.17
8.19157,0,0,0,1183.17
8.19654,0,0,0,1183.17
8.20152,0,0,0,1183.17
8.20654,0,0,0,1183.17
8.21156,0,0,0,1183.17
8.21652,0,0,0,1183.17
8.22155,0,0,0,1183.17
8.22654,0,0,0,1183.17
8.23155,0,0,0,1183.17
8.23654,0,0,0,1183.17
8.24152,0,0,0,1183.17
8.24651,0,0,0,1183.17
8.25152,0,0,0,1183.17
8.25657,0,0,0,1183.17
8.26154,0,0,0,1183.17
8.26652,0,0,0,1183.17
8.27152,0,0,0,1183.17
8.27652,0,0,0,1183.17
8.28153,0,0,0,1183.17
8.28654,0,0,0,1183.17
8.29155,0,0,0,1183.17
8.29654,0,0,0,1183.17
8.30155,0,0,0,1183.17
8.30654,0,0,0,1183.17
8.31152,0,0,0,1183.17
8.31652,0,0,0,1183.17
8.32151,0,0,0,1183.17
8.32652,0,0,0,1183.17
8.33153,0,0,0,1183.17
8.33652,0,0,0,1183.17
8.34152,0,0,0,1183.17
8.34653,0,0,0,1183.17
8.35152,0,0,0,1183.17
8.35653,0,0,0,1183.17
8.36157,0,0,0,1183.17
8.36654,0,0,0,1183.17
8.37154,0,0,0,1183.17
8.37653,0,0,0,1183.17
8.38152,0,0,0,1183.17
8.38652,0,0,0,1183.17
8.39158,0,0,0,1183.17
8.39652,0,0,0,1183.17
8.40151,0,0,0,1183.17
8.40652,0,0,0,1183.17
8.41153,0,0,0,1183.17
8.41652,0,0,0,1185.49
8.42153,0,0,0,1185.49
8.4266,0,0,0,1185.49
8.43161,0,0,0,1185.49
8.43653,0,0,0,1185.49
8.44152,0,0,0,1185.49
8.44651,0,0,0,1185.49
8.45151,0,0,0,1185.49
8.45658,0,0,0,1185.49
8.46156,0,0,0,1185.49
8.46654,0,0,0,1185.49
8.47153,0,0,0,1185.49
8.47654,0,0,0,1185.49
8.48154,0,0,0,1185.49
8.48655,0,0,0,1185.49
8.49155,0,0,0,1185.49
8.49654,0,0,0,1185.49
8.50156,0,0,0,1185.49
8.50654,0,0,0,1185.49
8.51155,0,0,0,1185.49
8.51654,0,0,0,1185.49
8.52152,0,0,0,1185.49
8.52656,0,0,0,1185.49
8.53163,0,0,0,1185.49
8.53655,0,0,0,1185.49
8.54155,0,0,0,1185.49
8.54652,0,0,0,1185.49
8.55152,0,0,0,1185.49
8.55652,0,0,0,1185.49
8.56156,0,0,0,1185.49
8.56654,0,0,0,1185.49
8.57162,0,0,0,1185.49
8.57662,0,0,0,1185.49
8.58155,0,0,0,1185.49
8.58655,0,0,0,1185.49
8.59163,0,0,0,1185.49
8.59653,0,0,0,1185.49
8.60154,0,0,0,1185.49
8.60652,0,0,0,1185.49
8.61152,0,0,0,1185.49
8.6166,0,0,0,1185.49
8.62155,0,0,0,1185.49
8.62654,0,0,0,1185.49
8.63156,0,0,0,1185.49
8.63652,0,0,0,1185.49
8.64154,0,0,0,1185.49
8.64656,0,0,0,1185.49
8.65154,0,0,0,1185.49
8.6566,0,0,0,1185.49
8.66154,0,0,0,1185.49
8.66653,0,0,0,1185.49
8.67156,0,0,0,1185.49
8.67652,0,0,0,1185.49
8.68152,0,0,0,1185.49
8.68652,0,0,0,1185.49
8.69161,0,0,0,1185.49
8.69653,0,0,0,1185.49
8.70153,0,0,0,1185.49
8.70651,0,0,0,1185.49
8.71153,0,0,0,1185.49
8.71653,0,0,0,1185.49
8.72152,0,0,0,1185.49
8.72651,0,0,0,1185.49
8.73272,0,0,0,1185.49
8.73655,0,0,0,1183.2
8.74177,0,0,0,1183.2
8.74659,0,0,0,1183.2
8.75164,0,0,0,1183.2
8.75664,0,0,0,1183.2
8.76158,0,0,0,1183.2
8.76653,0,0,0,1183.2
8.77157,0,0,0,1183.2
8.77657,0,0,0,1183.2
8.78153,0,0,0,1183.2
8.78652,0,0,0,1183.2
8.79162,0,0,0,1183.2
8.79659,0,0,0,1183.2
8.80154,0,0,0,1183.2
8.80653,0,0,0,1183.2
8.81156,0,0,0,1183.2
8.81653,0,0,0,1183.2
8.82158,0,0,0,1183.2
8.82675,0,0,0,1183.2
8.83154,0,0,0,1183.2
8.83653,0,0,0,1183.2
8.84152,0,0,0,1183.2
8.84652,0,0,0,1183.2
8.85152,0,0,0,1183.2
8.85658,0,0,0,1183.2
8.86154,0,0,0,1183.2
8.86652,0,0,0,1183.2
8.87153,0,0,0,1183.2
8.87658,0,0,0,1183.2
8.88152,1.2,0,0,1183.2
8.88652,1.2,0,0,1183.2
8.89156,1.2,0,0,1183.2
8.89654,1.2,0,0,1183.2
8.90153,1.2,0,0,1183.2
8.90654,1.2,0,0,1183.2
8.91155,1.2,0,0,1183.2
8.91661,1.2,0,0,1183.2
8.92153,1.2,0,0,1183.2
8.92651,1.2,0,0,1183.2
8.93155,1.2,0,0,1183.2
8.93702,1.2,0,0,1183.2
8.94152,1.2,0,0,1187.56
8.94652,1.2,0.0829352,0.00161983,1187.56
8.95156,1.2,0.0829352,0.00161983,1187.56
8.95655,1.2,0.0829352,0.00161983,1187.56
8.96155,1.2,0.0829352,0.00161983,1187.56
8.96652,1.2,0.23902,0.00628819,1187.56
8.97153,1.2,0.23902,0.00628819,1187.56
8.97659,1.2,0.23902,0.00628819,1187.56
8.98166,1.2,0.23902,0.00628819,1187.56
8.98652,1.2,0.284899,0.0118526,1187.56
8.99171,1.2,0.284899,0.0118526,1187.56
8.99658,1.2,0.284899,0.0118526,1187.56
9.00153,1.2,0.284899,0.0118526,1187.56
9.00653,1.2,0.513653,0.0218849,1187.56
9.01161,1.2,0.513653,0.0218849,1187.56
9.01655,1.2,0.513653,0.0218849,1187.56
9.02161,1.2,0.513653,0.0218849,1187.56
9.0266,1.2,0.605732,0.0337152,1187.56
9.03161,1.2,0.605732,0.0337152,1187.56
9.0366,1.2,0.605732,0.0337152,1187.56
9.04155,1.2,0.605732,0.0337152,1187.56
9.04652,1.2,0.662519,0.0466546,1187.56
9.05159,1.2,0.662519,0.0466546,1187.56
9.05661,1.2,0.662519,0.0466546,1187.56
9.06155,1.2,0.662519,0.0466546,1187.56
9.06651,1.2,0.788446,0.0620534,1187.56
9.07152,1.2,0.788446,0.0620534,1187.56
9.07658,1.2,0.788446,0.0620534,1187.56
9.08152,1.2,0.788446,0.0620534,1187.56
9.08652,1.2,0.804808,0.0777718,1187.56
9.09157,1.2,0.804808,0.0777718,1187.56
9.09654,1.2,0.804808,0.0777718,1187.56
9.10152,1.2,0.804808,0.0777718,1187.56
9.10651,1.2,0.887262,0.0951005,1187.56
9.11153,1.2,0.887262,0.0951005,1187.56
9.11658,1.2,0.887262,0.0951005,1187.56
9.12153,1.2,0.887262,0.0951005,1187.56
9.12652,1.2,0.967631,0.114,1187.56
9.13153,1.2,0.967631,0.114,1187.56
9.13655,1.2,0.967631,0.114,1187.56
9.14152,1.2,0.967631,0.114,1187.56
9.14652,1.2,0.977256,0.133087,1187.56
9.15151,1.2,0.977256,0.133087,1187.56
9.15652,1.2,0.977256,0.133087,1187.56
9.16152,1.2,0.977256,0.133087,1188.03
9.16657,1.2,1.01672,0.152944,1188.03
9.17155,1.2,1.01672,0.152944,1188.03
9.17651,1.2,1.01672,0.152944,1188.03
9.18154,1.2,1.01672,0.152944,1188.03
9.18653,1.2,1.06484,0.173742,1188.03
9.19153,1.2,1.06484,0.173742,1188.03
9.19654,1.2,1.06484,0.173742,1188.03
9.20154,1.2,1.06484,0.173742,1188.03
9.20652,1.2,1.08313,0.194897,1188.03
9.21153,1.2,1.08313,0.194897,1188.03
9.21657,1.2,1.08313,0.194897,1188.03
9.22152,1.2,1.08313,0.194897,1188.03
9.22678,1.2,1.08313,0.194897,1188.03
9.23156,1.2,1.12869,0.216934,1188.03
9.23653,1.2,1.12869,0.216934,1188.03
9.24152,1.2,1.12869,0.216934,1188.03
9.24651,1.2,1.1404,0.239199,1188.03
9.25163,1.2,1.1404,0.239199,1188.03
9.25657,1.2,1.1404,0.239199,1188.03
9.26155,1.2,1.1404,0.239199,1188.03
9.26651,1.2,1.1728,0.262098,1188.03
9.27154,1.2,1.1728,0.262098,1188.03
9.27658,1.2,1.1728,0.262098,1188.03
9.28154,1.2,1.1728,0.262098,1188.03
9.28652,1.2,1.21788,0.285876,1188.03
9.29155,1.2,1.21788,0.285876,1188.03
9.29654,1.2,1.21788,0.285876,1188.03
9.30152,1.2,1.21788,0.285876,1188.03
9.30651,1.2,1.22959,0.309883,1188.03
9.31152,1.2,1.22959,0.309883,1188.03
9.31652,1.2,1.22959,0.309883,1188.03
9.32154,1.2,1.22959,0.309883,1188.03
9.32652,1.2,1.25253,0.334329,1188.03
9.33153,1.2,1.25253,0.334329,1188.03
9.33653,1.2,1.25253,0.334329,1188.03
9.34152,1.2,1.25253,0.334329,1188.03
9.34651,1.2,1.28269,0.359363,1188.03
9.35152,1.2,1.28269,0.359363,1188.03
9.35655,1.2,1.28269,0.359363,1188.03
9.36156,1.2,1.28269,0.359363,1188.03
9.36653,1.2,1.28894,0.38452,1188.03
9.37155,1.2,1.28894,0.38452,1188.03
9.37652,1.2,1.28894,0.38452,1188.03
9.38152,1.2,1.28894,0.38452,1188.03
9.38651,1.2,1.29873,0.409867,1188.03
9.39161,1.2,1.29873,0.409867,1188.03
9.39653,1.2,1.29873,0.409867,1188.03
9.40152,1.2,1.29873,0.409867,1188.03
9.40651,1.2,1.30258,0.43529,1188.03
9.41152,1.2,1.30258,0.43529,1188.03
9.41652,1.2,1.30258,0.43529,1188.03
9.42152,1.2,1.30258,0.43529,1188.03
9.42654,1.2,1.30322,0.460707,1188.03
9.4316,1.2,1.30322,0.460707,1188.03
9.43661,1.2,1.30322,0.460707,1188.03
9.44154,1.2,1.30322,0.460707,1188.03
9.44652,1.2,1.30451,0.48615,1188.03
9.45152,1.2,1.30451,0.48615,1188.03
9.45654,1.2,1.30451,0.48615,1188.03
9.46157,1.2,1.30451,0.48615,1188.03
9.46651,1.2,1.29809,0.511467,1188.03
9.47151,1.2,1.29809,0.511467,1188.03
9.47651,1.2,1.29809,0.511467,1188.03
9.48151,1.2,1.29809,0.511467,1188.03
9.48652,1.2,1.29809,0.536785,1188.03
9.49154,1.2,1.29809,0.536785,1188.03
9.49656,1.2,1.29809,0.536785,1188.03
9.50153,1.2,1.29809,0.536785,1188.03
9.50652,1.2,1.27756,0.561702,1188.03
9.5116,1.2,1.27756,0.561702,1188.03
9.51657,1.2,1.27756,0.561702,1188.03
9.52152,1.2,1.27756,0.561702,1188.03
9.52656,1.2,1.27756,0.561702,1188.03
9.53155,1.2,1.26328,0.586329,1188.03
9.53653,1.2,1.26328,0.586329,1188.03
9.54156,1.2,1.26328,0.586329,1188.03
9.54654,1.2,1.25622,0.610819,1188.03
9.55156,1.2,1.25622,0.610819,1188.03
9.55666,1.2,1.25622,0.610819,1188.03
9.56158,1.2,1.25622,0.610819,1188.03
9.56654,1.2,1.23986,0.634991,1188.03
9.57154,1.2,1.23986,0.634991,1188.03
9.57654,1.2,1.23986,0.634991,1188.03
9.58152,1.2,1.23986,0.634991,1188.03
9.58652,1.2,1.23745,0.659115,1188.03
9.59163,1.2,1.23745,0.659115,1188.03
9.59654,1.2,1.23745,0.659115,1188.03
9.60154,1.2,1.23745,0.659115,1188.03
9.60651,1.2,1.22991,0.683092,1188.03
9.61155,1.2,1.22991,0.683092,1188.03
9.61654,1.2,1.22991,0.683092,1188.03
9.62155,1.2,1.22991,0.683092,1188.03
9.62652,1.2,1.21547,0.706772,1188.03
9.63154,1.2,1.21547,0.706772,1188.03
9.63654,1.2,1.21547,0.706772,1188.03
9.64155,1.2,1.21547,0.706772,1188.03
9.64654,1.2,1.21291,0.730402,1188.03
9.65154,1.2,1.21291,0.730402,1188.03
9.65742,1.2,1.21291,0.730402,1188.03
9.66156,1.2,1.21291,0.730402,1188.03
9.66655,1.2,1.20521,0.753882,1188.03
9.67152,1.2,1.20521,0.753882,1188.03
9.67652,1.2,1.20521,0.753882,1188.03
9.68154,1.2,1.20521,0.753882,1188.03
9.68654,1.2,1.19879,0.777238,1188.03
9.69153,1.2,1.19879,0.777238,1188.03
9.69656,1.2,1.19879,0.777238,1188.03
9.70153,1.2,1.19879,0.777238,1188.03
9.70651,1.2,1.20007,0.800618,1188.03
9.71152,1.2,1.20007,0.800618,1188.03
9.71658,1.2,1.20007,0.800618,1188.03
9.72151,1.2,1.20007,0.800618,1188.03
9.72654,1.2,1.19863,0.823962,1188.03
9.73154,1.2,1.19863,0.823962,1188.03
9.73653,1.2,1.19863,0.823962,1188.03
9.74152,1.2,1.19863,0.823962,1188.03
9.74651,1.2,1.19671,0.847268,1188.03
9.7516,1.2,1.19671,0.847268,1188.03
9.75654,1.2,1.19671,0.847268,1188.03
9.76156,1.2,1.19671,0.847268,1188.03
9.76651,1.2,1.19462,0.870534,1188.03
9.77152,1.2,1.19462,0.870534,1188.03
9.77652,1.2,1.19462,0.870534,1188.03
9.78154,1.2,1.19462,0.870534,1188.03
9.78652,1.2,1.19462,0.870534,1188.03
9.79153,1.2,1.19125,0.893734,1188.03
9.79652,1.2,1.19125,0.893734,1344.52
9.80152,1.2,1.19125,0.893734,1344.52
9.80651,1.2,1.19141,0.916938,1344.52
9.8123,1.2,1.19141,0.916938,1344.52
9.81654,1.2,1.19141,0.916938,1344.52
9.82156,1.2,1.19141,0.916938,1344.52
9.82669,1.2,1.19141,0.916938,1344.52
9.83159,1.2,1.19077,0.940118,1344.52
9.83668,1.2,1.19077,0.940118,1344.52
9.84153,1.2,1.19077,0.940118,1344.52
9.84652,1.2,1.19398,0.963361,1344.52
9.85188,1.2,1.19398,0.963361,1344.52
9.85654,1.2,1.19398,0.963361,1344.52
9.86169,1.2,1.19398,0.963361,1344.52
9.86649,1.2,1.19671,0.986658,1344.52
9.87154,1.2,1.19671,0.986658,1344.52
9.87653,1.2,1.19671,0.986658,1344.52
9.88153,1.2,1.19671,0.986658,1344.52
9.88648,1.2,1.19735,1.00997,1344.52
9.89173,1.2,1.19735,1.00997,1344.52
9.89655,1.2,1.19735,1.00997,1344.52
9.90153,1.2,1.19735,1.00997,1344.52
9.90652,1.2,1.20136,1.03335,1344.52
9.9122,1.2,1.20136,1.03335,1344.52
9.91652,1.2,1.20136,1.03335,1344.52
9.92155,1.2,1.20136,1.03335,1344.52
9.92651,1.2,1.20168,1.05673,1344.52
9.93153,1.2,1.20168,1.05673,1344.52
9.93691,1.2,1.20168,1.05673,1344.52
9.94153,1.2,1.20168,1.05673,1344.52
9.9465,1.2,1.20168,1.05673,1344.52
9.95153,1.2,1.202,1.08011,1344.52
9.95665,1.2,1.202,1.08011,1344.52
9.96158,1.2,1.202,1.08011,1344.52
9.96651,1.2,1.20585,1.10357,1344.52
9.97158,1.2,1.20585,1.10357,1344.52
9.97653,1.2,1.20585,1.10357,1344.52
9.98152,1.2,1.20585,1.10357,1344.52
9.98652,1.2,1.20697,1.12705,1344.52
9.99154,1.2,1.20697,1.12705,1344.52
9.99653,1.2,1.20697,1.12705,1344.52
10.0015,1.2,1.20697,1.12705,1344.52
10.0065,1.2,1.2105,1.1506,1344.52
10.0115,1.2,1.2105,1.1506,1344.52
10.0165,1.2,1.2105,1.1506,1344.52
10.0215,1.2,1.2105,1.1506,1344.52
10.0267,1.2,1.2105,1.1506,1344.52
10.0315,1.2,1.20826,1.1741,1344.52
10.0365,1.2,1.20826,1.1741,1344.52
10.0415,1.2,1.20826,1.1741,1344.52
10.0465,1.2,1.20826,1.1741,1344.52
10.0517,1.2,1.20457,1.19752,1344.52
10.0567,1.2,1.20457,1.19752,1344.52
10.0615,1.2,1.20457,1.19752,1344.52
10.0665,1.2,1.19895,1.22084,1344.52
10.0715,1.2,1.19895,1.22084,1344.52
10.0765,1.2,1.19895,1.22084,1344.52
10.0815,1.2,1.19895,1.22084,1344.52
10.0865,1.2,1.19959,1.24417,1344.52
10.0916,1.2,1.19959,1.24417,1344.52
10.0965,1.2,1.19959,1.24417,1344.52
10.1015,1.2,1.19959,1.24417,1344.52
10.1065,1.2,1.19959,1.24417,1344.52
10.1115,1.2,1.20184,1.26754,1344.52
10.1165,1.2,1.20184,1.26754,1344.52
10.1215,1.2,1.20184,1.26754,1856.47
10.1265,1.2,1.20184,1.26754,1856.47
10.1319,1.2,1.20408,1.29094,1856.47
10.1366,1.2,1.20408,1.29094,1856.47
10.1415,1.2,1.20408,1.29094,1856.47
10.1467,1.2,1.20408,1.29094,1856.47
10.1517,1.2,1.20425,1.31435,1856.47
10.1566,1.2,1.20425,1.31435,1856.47
10.1616,1.2,1.20425,1.31435,1856.47
10.1666,1.2,1.20425,1.31435,1856.47
10.1717,1.2,1.20264,1.33772,1856.47
10.1766,1.2,1.20264,1.33772,1856.47
10.1816,1.2,1.20264,1.33772,1856.47
10.1866,1.2,1.20264,1.33772,1856.47
10.1918,1.2,1.19847,1.36101,1856.47
10.1966,1.2,1.19847,1.36101,1856.47
10.2016,1.2,1.19847,1.36101,1856.47
10.2066,1.2,1.19847,1.36101,1856.47
10.2116,1.2,1.19847,1.3843,1856.47
10.2167,1.2,1.19847,1.3843,1856.47
10.2215,1.2,1.19847,1.3843,1856.47
10.2266,1.2,1.19847,1.3843,1856.47
10.2315,1.2,1.20168,1.40764,1856.47
10.2366,1.2,1.20168,1.40764,1856.47
10.2416,1.2,1.20168,1.40764,1856.47
10.2465,1.2,1.20168,1.40764,1856.47
10.2516,1.2,1.20312,1.43101,1856.47
10.2565,1.2,1.20312,1.43101,1856.47
10.2616,1.2,1.20312,1.43101,1856.47
10.2666,1.2,1.20312,1.43101,1856.47
10.2716,1.2,1.20408,1.4544,1856.47
10.2766,1.2,1.20408,1.4544,1856.47
10.2815,1.2,1.20408,1.4544,1856.47
10.2866,1.2,1.20408,1.4544,1856.47
10.2915,1.2,1.19895,1.47769,1856.47
10.2965,1.2,1.19895,1.47769,1856.47
10.3015,1.2,1.19895,1.47769,1856.47
10.3065,1.2,1.19895,1.47769,1856.47
10.3115,1.2,1.19751,1.50095,1856.47
10.3165,1.2,1.19751,1.50095,1856.47
10.3215,1.2,1.19751,1.50095,1856.47
10.3265,1.2,1.19751,1.50095,1856.47
10.3316,1.2,1.1943,1.52414,1856.47
10.3365,1.2,1.1943,1.52414,1856.47
10.3415,1.2,1.1943,1.52414,1856.47
10.3465,1.2,1.1943,1.52414,1856.47
10.3515,1.2,1.19671,1.54737,1856.47
10.3565,1.2,1.19671,1.54737,1856.47
10.3616,1.2,1.19671,1.54737,1856.47
10.3666,1.2,1.19671,1.54737,1856.47
10.3716,1.2,1.19783,1.57063,1856.47
10.3765,1.2,1.19783,1.57063,1856.47
10.3815,1.2,1.19783,1.57063,1856.47
10.3866,1.2,1.19783,1.57063,1856.47
10.3916,1.2,1.19991,1.59393,1856.47
10.3966,1.2,1.19991,1.59393,1856.47
10.4016,1.2,1.19991,1.59393,1856.47
10.4065,1.2,1.19991,1.59393,1856.47
10.4116,1.2,1.20007,1.61723,1856.47
10.4165,1.2,1.20007,1.61723,1856.47
10.4215,1.2,1.20007,1.61723,1856.47
10.4266,1.2,1.20007,1.61723,1856.47
10.4315,1.2,1.20007,1.64051,1856.47
10.4365,1.2,1.20007,1.64051,1856.47
10.4415,1.2,1.20007,1.64051,1856.47
10.4465,1.2,1.20007,1.64051,1856.47
10.4515,1.2,1.20152,1.66382,2263.53
10.4572,1.2,1.20152,1.66382,2263.53
10.4615,1.2,1.20152,1.66382,2263.53
10.4665,1.2,1.20152,1.66382,2263.53
10.4715,1.2,1.20184,1.68714,2263.53
10.4765,1.2,1.20184,1.68714,2263.53
10.4815,1.2,1.20184,1.68714,2263.53
10.4866,1.2,1.20184,1.68714,2263.53
10.4916,1.2,1.2028,1.71047,2263.53
10.4965,1.2,1.2028,1.71047,2263.53
10.5016,1.2,1.2028,1.71047,2263.53
10.5065,1.2,1.2028,1.71047,2263.53
10.5115,1.2,1.20553,1.73386,2263.53
10.5166,1.2,1.20553,1.73386,2263.53
10.5216,1.2,1.20553,1.73386,2263.53
10.5266,1.2,1.20553,1.73386,2263.53
10.5315,1.2,1.20408,1.75721,2263.53
10.5365,1.2,1.20408,1.75721,2263.53
10.5415,1.2,1.20408,1.75721,2263.53
10.5466,1.2,1.20408,1.75721,2263.53
10.5516,1.2,1.2028,1.78054,2263.53
10.5566,1.2,1.2028,1.78054,2263.53
10.5617,1.2,1.2028,1.78054,2263.53
10.5666,1.2,1.2028,1.78054,2263.53
10.5715,1.2,1.19687,1.80376,2263.53
10.5766,1.2,1.19687,1.80376,2263.53
10.5815,1.2,1.19687,1.80376,2263.53
10.5865,1.2,1.19687,1.80376,2263.53
10.5916,1.2,1.19687,1.82697,2263.53
10.5965,1.2,1.19687,1.82697,2263.53
10.6015,1.2,1.19687,1.82697,2263.53
10.6066,1.2,1.19687,1.82697,2263.53
10.6115,1.2,1.19671,1.85018,2263.53
10.6165,1.2,1.19671,1.85018,2263.53
10.6216,1.2,1.19671,1.85018,2263.53
10.6266,1.2,1.19671,1.85018,2263.53
10.6315,1.2,1.19831,1.87341,2263.53
10.6365,1.2,1.19831,1.87341,2263.53
10.6415,1.2,1.19831,1.87341,2263.53
10.6465,1.2,1.19831,1.87341,2263.53
10.6515,1.2,1.19927,1.89665,2263.53
10.6569,1.2,1.19927,1.89665,2263.53
10.6616,1.2,1.19927,1.89665,2263.53
10.6665,1.2,1.19927,1.89665,2263.53
10.6715,1.2,1.20007,1.91992,2263.53
10.6765,1.2,1.20007,1.91992,2263.53
10.6815,1.2,1.20007,1.91992,2263.53
10.6866,1.2,1.20007,1.91992,2263.53
10.6916,1.2,1.20216,1.94322,2263.53
10.6965,1.2,1.20216,1.94322,2263.53
10.7015,1.2,1.20216,1.94322,2263.53
10.7065,1.2,1.20216,1.94322,2263.53
10.7115,1.2,1.20136,1.96649,2263.53
10.7165,1.2,1.20136,1.96649,2263.53
10.7215,1.2,1.20136,1.96649,2263.53
10.7266,1.2,1.20136,1.96649,2263.53
10.7315,1.2,1.20296,1.98979,2263.53
10.7365,1.2,1.20296,1.98979,2263.53
10.7415,1.2,1.20296,1.98979,2263.53
10.7465,1.2,1.20296,1.98979,2263.53
10.7515,1.2,1.20777,2.01319,2263.53
10.7565,1.2,1.20777,2.01319,2263.53
10.7615,1.2,1.20777,2.01319,2263.53
10.7665,1.2,1.20777,2.01319,2263.53
10.7715,1.2,1.20793,2.03659,2579.1
10.7766,1.2,1.20793,2.03659,2579.1
10.7815,1.2,1.20793,2.03659,2579.1
10.7865,1.2,1.20793,2.03659,2579.1
10.7916,1.2,1.20697,2.05997,2579.1
10.7965,1.2,1.20697,2.05997,2579.1
10.8015,1.2,1.20697,2.05997,2579.1
10.8065,1.2,1.20697,2.05997,2579.1
10.8115,1.2,1.20248,2.08325,2579.1
10.8166,1.2,1.20248,2.08325,2579.1
10.8215,1.2,1.20248,2.08325,2579.1
10.8267,1.2,1.20248,2.08325,2579.1
10.8316,1.2,1.20184,2.10652,2579.1
10.8365,1.2,1.20184,2.10652,2579.1
10.8415,1.2,1.20184,2.10652,2579.1
10.8467,1.2,1.20184,2.10652,2579.1
10.8515,1.2,1.19606,2.12967,2579.1
10.8566,1.2,1.19606,2.12967,2579.1
10.8616,1.2,1.19606,2.12967,2579.1
10.8666,1.2,1.19606,2.12967,2579.1
10.8715,1.2,1.19558,2.15282,2579.1
10.8765,1.2,1.19558,2.15282,2579.1
10.8815,1.2,1.19558,2.15282,2579.1
10.8867,1.2,1.19558,2.15282,2579.1
10.8916,1.2,1.19478,2.17595,2579.1
10.8965,1.2,1.19478,2.17595,2579.1
10.9015,1.2,1.19478,2.17595,2579.1
10.9065,1.2,1.19478,2.17595,2579.1
10.9115,1.2,1.19735,2.19911,2579.1
10.9165,1.2,1.19735,2.19911,2579.1
10.9215,1.2,1.19735,2.19911,2579.1
10.9266,1.2,1.19735,2.19911,2579.1
10.9315,1.2,1.19494,2.22222,2579.1
10.9366,1.2,1.19494,2.22222,2579.1
10.9415,1.2,1.19494,2.22222,2579.1
10.9466,1.2,1.19494,2.22222,2579.1
10.9515,1.2,1.19366,2.24531,2579.1
10.9565,1.2,1.19366,2.24531,2579.1
10.9616,1.2,1.19366,2.24531,2579.1
10.9665,1.2,1.19366,2.24531,2579.1
10.9716,1.2,1.19157,2.26836,2579.1
10.9765,1.2,1.19157,2.26836,2579.1
10.9815,1.2,1.19157,2.26836,2579.1
10.9866,1.2,1.19157,2.26836,2579.1
10.9916,1.2,1.19125,2.2914,2579.1
10.9965,1.2,1.19125,2.2914,2579.1
11.0015,1.2,1.19125,2.2914,2579.1
11.0066,1.2,1.19125,2.2914,2579.1
11.0116,1.2,1.1951,2.31452,2579.1
11.0165,1.2,1.1951,2.31452,2579.1
11.0216,1.2,1.1951,2.31452,2579.1
11.0266,1.2,1.1951,2.31452,2579.1
11.0315,1.2,1.19975,2.33772,2579.1
11.0365,1.2,1.19975,2.33772,2579.1
11.0415,1.2,1.19975,2.33772,2579.1
11.0466,1.2,1.19975,2.33772,2579.1
11.0516,1.2,1.19879,2.3609,2579.1
11.0566,1.2,1.19879,2.3609,2579.1
11.0615,1.2,1.19879,2.3609,2579.1
11.0665,1.2,1.19879,2.3609,2579.1
11.0715,1.2,1.19638,2.38404,2579.1
11.0765,1.2,1.19638,2.38404,2579.1
11.0815,1.2,1.19638,2.38404,2579.1
11.0865,1.2,1.19638,2.38404,2938.42
11.0915,1.2,1.19173,2.40709,2938.42
11.0968,1.2,1.19173,2.40709,2938.42
11.1015,1.2,1.19173,2.40709,2938.42
11.1065,1.2,1.19173,2.40709,2938.42
11.1116,1.2,1.19109,2.43011,2938.42
11.1165,1.2,1.19109,2.43011,2938.42
11.1224,1.2,1.19109,2.43011,2938.42
11.1266,1.2,1.19109,2.43011,2938.42
11.1316,1.2,1.19462,2.4532,2938.42
11.1366,1.2,1.19462,2.4532,2938.42
11.1416,1.2,1.19462,2.4532,2938.42
11.1466,1.2,1.19462,2.4532,2938.42
11.1517,1.2,1.19991,2.47639,2938.42
11.1566,1.2,1.19991,2.47639,2938.42
11.1616,1.2,1.19991,2.47639,2938.42
11.1665,1.2,1.19991,2.47639,2938.42
11.1716,1.2,1.20023,2.49959,2938.42
11.1766,1.2,1.20023,2.49959,2938.42
11.1816,1.2,1.20023,2.49959,2938.42
11.1866,1.2,1.20023,2.49959,2938.42
11.1916,1.2,1.20056,2.5228,2938.42
11.1965,1.2,1.20056,2.5228,2938.42
11.2017,1.2,1.20056,2.5228,2938.42
11.2066,1.2,1.20056,2.5228,2938.42
11.2116,1.2,1.19943,2.54596,2938.42
11.2165,1.2,1.19943,2.54596,2938.42
11.2215,1.2,1.19943,2.54596,2938.42
11.2266,1.2,1.19943,2.54596,2938.42
11.2316,1.2,1.19943,2.56913,2938.42
11.2365,1.2,1.19943,2.56913,2938.42
11.2415,1.2,1.19943,2.56913,2938.42
11.2466,1.2,1.19943,2.56913,2938.42
11.2515,1.2,1.20104,2.59233,2938.42
11.2565,1.2,1.20104,2.59233,2938.42
11.2616,1.2,1.20104,2.59233,2938.42
11.2666,1.2,1.20104,2.59233,2938.42
11.2715,1.2,1.2036,2.61557,2938.42
11.2766,1.2,1.2036,2.61557,2938.42
11.2815,1.2,1.2036,2.61557,2938.42
11.2866,1.2,1.2036,2.61557,2938.42
11.2916,1.2,1.20553,2.63886,2938.42
11.2965,1.2,1.20553,2.63886,2938.42
11.3015,1.2,1.20553,2.63886,2938.42
11.3065,1.2,1.20553,2.63886,2938.42
11.3115,1.2,1.20392,2.6621,2938.42
11.3166,1.2,1.20392,2.6621,2938.42
11.3215,1.2,1.20392,2.6621,2938.42
11.3266,1.2,1.20392,2.6621,2938.42
11.3316,1.2,1.2036,2.68534,2938.42
11.3365,1.2,1.2036,2.68534,2938.42
11.3415,1.2,1.2036,2.68534,2938.42
11.3466,1.2,1.2036,2.68534,2938.42
11.3515,1.2,1.20023,2.70851,2938.42
11.3566,1.2,1.20023,2.70851,2938.42
11.3616,1.2,1.20023,2.70851,2938.42
11.3665,1.2,1.20023,2.70851,2938.42
11.3715,1.2,1.19895,2.73166,2938.42
11.3766,1.2,1.19895,2.73166,2938.42
11.3815,1.2,1.19895,2.73166,2938.42
11.3866,1.2,1.19895,2.73166,2938.42
11.3915,1.2,1.19959,2.75482,2938.42
11.4044,1.2,1.19959,2.75482,2938.42
11.4065,1.2,1.19959,2.75482,2938.42
11.4115,1.2,1.20136,2.778,3398.62
11.4166,1.2,1.20136,2.778,3398.62
11.4215,1.2,1.20136,2.778,3398.62
11.4267,1.2,1.20136,2.778,3398.62
11.4316,1.2,1.20168,2.80118,3398.62
11.4366,1.2,1.20168,2.80118,3398.62
11.4415,1.2,1.20168,2.80118,3398.62
11.4465,1.2,1.20168,2.80118,3398.62
11.4516,1.2,1.20104,2.82434,3398.62
11.4566,1.2,1.20104,2.82434,3398.62
11.4615,1.2,1.20104,2.82434,3398.62
11.4666,1.2,1.20104,2.82434,3398.62
11.4715,1.2,1.20088,2.84751,3398.62
11.4766,1.2,1.20088,2.84751,3398.62
11.4815,1.2,1.20088,2.84751,3398.62
11.4865,1.2,1.20088,2.84751,3398.62
11.4915,1.2,1.20023,2.87066,3398.62
11.4966,1.2,1.20023,2.87066,3398.62
11.5016,1.2,1.20023,2.87066,3398.62
11.5066,1.2,1.20023,2.87066,3398.62
11.5117,1.2,1.20007,2.89379,3398.62
11.5166,1.2,1.20007,2.89379,3398.62
11.5216,1.2,1.20007,2.89379,3398.62
11.5267,1.2,1.20007,2.89379,3398.62
11.5315,1.2,1.20152,2.91696,3398.62
11.5365,1.2,1.20152,2.91696,3398.62
11.5416,1.2,1.20152,2.91696,3398.62
11.5466,1.2,1.20152,2.91696,3398.62
11.5516,1.2,1.2012,2.94012,3398.62
11.5566,1.2,1.2012,2.94012,3398.62
11.5616,1.2,1.2012,2.94012,3398.62
11.5666,1.2,1.2012,2.94012,3398.62
11.5716,1.2,1.20248,2.9633,3398.62
11.5765,1.2,1.20248,2.9633,3398.62
11.5815,1.2,1.20248,2.9633,3398.62
11.5865,1.2,1.20248,2.9633,3398.62
11.5915,1.2,1.19863,2.98641,3398.62
11.5965,1.2,1.19863,2.98641,3398.62
11.6015,1.2,1.19863,2.98641,3398.62
11.6065,1.2,1.19863,2.98641,3398.62
11.6115,1.2,1.19719,3.00947,3398.62
11.6165,1.2,1.19719,3.00947,3398.62
11.6216,1.2,1.19719,3.00947,3398.62
11.6266,1.2,1.19719,3.00947,3398.62
11.6316,1.2,1.19398,3.03248,3398.62
11.6366,1.2,1.19398,3.03248,3398.62
11.6415,1.2,1.19398,3.03248,3398.62
11.6466,1.2,1.19398,3.03248,3398.62
11.6516,1.2,1.1959,3.05552,3398.62
11.6565,1.2,1.1959,3.05552,3398.62
11.6616,1.2,1.1959,3.05552,3398.62
11.6665,1.2,1.1959,3.05552,3398.62
11.6715,1.2,1.1959,3.07856,3398.62
11.6765,1.2,1.1959,3.07856,3398.62
11.6816,1.2,1.1959,3.07856,3398.62
11.6866,1.2,1.1959,3.07856,3398.62
11.6916,1.2,1.20088,3.1017,3398.62
11.6965,1.2,1.20088,3.1017,3398.62
11.7015,1.2,1.20088,3.1017,3398.62
11.7065,1.2,1.20088,3.1017,3398.62
11.7115,1.2,1.20152,3.12482,3398.62
11.7165,1.2,1.20152,3.12482,3398.62
11.7215,1.2,1.20152,3.12482,3398.62
11.7265,1.2,1.20152,3.12482,3398.62
11.7315,1.2,1.20216,3.14796,3398.62
11.7365,1.2,1.20216,3.14796,3398.62
11.7415,1.2,1.20216,3.14796,3720.17
11.7466,1.2,1.20216,3.14796,3720.17
11.7516,1.2,1.20168,3.17109,3720.17
11.7566,1.2,1.20168,3.17109,3720.17
11.7616,1.2,1.20168,3.17109,3720.17
11.7665,1.2,1.20168,3.17109,3720.17
11.7715,1.2,1.20248,3.19423,3720.17
11.7766,1.2,1.20248,3.19423,3720.17
11.7815,1.2,1.20248,3.19423,3720.17
11.7866,1.2,1.20248,3.19423,3720.17
11.7915,1.2,1.20537,3.21743,3720.17
11.7967,1.2,1.20537,3.21743,3720.17
11.8015,1.2,1.20537,3.21743,3720.17
11.8065,1.2,1.20537,3.21743,3720.17
11.8115,1.2,1.20874,3.24068,3720.17
11.8165,1.2,1.20874,3.24068,3720.17
11.8215,1.2,1.20874,3.24068,3720.17
11.8267,1.2,1.20874,3.24068,3720.17
11.8317,1.2,1.20938,3.26395,3720.17
11.8365,1.2,1.20938,3.26395,3720.17
11.8415,1.2,1.20938,3.26395,3720.17
11.8465,1.2,1.20938,3.26395,3720.17
11.8515,1.2,1.20649,3.28716,3720.17
11.8566,1.2,1.20649,3.28716,3720.17
11.8616,1.2,1.20649,3.28716,3720.17
11.8665,1.2,1.20649,3.28716,3720.17
11.8716,1.2,1.20184,3.31028,3720.17
11.8766,1.2,1.20184,3.31028,3720.17
11.8816,1.2,1.20184,3.31028,3720.17
11.8865,1.2,1.20184,3.31028,3720.17
11.8915,1.2,1.2012,3.33339,3720.17
11.8965,1.2,1.2012,3.33339,3720.17
11.9015,1.2,1.2012,3.33339,3720.17
11.9065,1.2,1.2012,3.33339,3720.17
11.9115,1.2,1.20007,3.35645,3720.17
11.9165,1.2,1.20007,3.35645,3720.17
11.9216,1.2,1.20007,3.35645,3720.17
11.9265,1.2,1.20007,3.35645,3720.17
11.9315,1.2,1.0618,3.37686,3720.17
11.9367,1.2,1.0618,3.37686,3720.17
11.9415,1.2,1.0618,3.37686,3720.17
11.9465,1.2,1.0618,3.37686,3720.17
11.9515,1.2,1.00613,3.3962,3720.17
11.9565,1.2,1.00613,3.3962,3720.17
11.9616,1.2,1.00613,3.3962,3720.17
11.9665,1.2,1.00613,3.3962,3720.17
11.9716,1.2,0.744813,3.41051,3720.17
11.9765,1.2,0.744813,3.41051,3720.17
11.9815,1.2,0.744813,3.41051,3720.17
11.9865,1.2,0.744813,3.41051,3720.17
11.9915,1.2,0.650488,3.42301,3720.17
11.997,1.2,0.650488,3.42301,3720.17
12.0015,1.2,0.650488,3.42301,3720.17
12.0065,1.2,0.650488,3.42301,3720.17
12.0116,1.2,0.55103,3.4336,3720.17
12.0165,1.2,0.55103,3.4336,3720.17
12.0215,1.2,0.55103,3.4336,3720.17
12.0266,1.2,0.55103,3.4336,3720.17
12.0316,1.2,0.420451,3.44169,3720.17
12.0365,1.2,0.420451,3.44169,3720.17
12.0415,1.2,0.420451,3.44169,3720.17
12.0465,1.2,0.420451,3.44169,3720.17
12.0515,1.2,0.379705,3.44899,4130.76
12.0565,1.2,0.379705,3.44899,4130.76
12.0615,1.2,0.379705,3.44899,4130.76
12.0665,1.2,0.379705,3.44899,4130.76
12.0715,1.2,0.330137,3.45533,4130.76
12.0766,1.2,0.330137,3.45533,4130.76
12.0816,1.2,0.330137,3.45533,4130.76
12.0865,1.2,0.330137,3.45533,4130.76
12.0915,1.2,0.250891,3.46016,4130.76
12.0966,1.2,0.250891,3.46016,4130.76
12.1015,1.2,0.250891,3.46016,4130.76
12.1065,1.2,0.250891,3.46016,4130.76
12.1115,1.2,0.215439,3.46432,4130.76
12.1165,1.2,0.215439,3.46432,4130.76
12.1215,1.2,0.215439,3.46432,4130.76
12.1266,1.2,0.215439,3.46432,4130.76
12.1315,1.2,0.188168,3.46795,4130.76
12.1365,1.2,0.188168,3.46795,4130.76
12.1415,1.2,0.188168,3.46795,4130.76
12.1466,1.2,0.188168,3.46795,4130.76
12.1516,1.2,0.141327,3.47068,4130.76
12.1565,1.2,0.141327,3.47068,4130.76
12.1616,1.2,0.141327,3.47068,4130.76
12.1665,1.2,0.141327,3.47068,4130.76
12.1715,1.2,0.132183,3.47323,4130.76
12.1765,1.2,0.132183,3.47323,4130.76
12.1815,1.2,0.132183,3.47323,4130.76
12.1865,1.2,0.132183,3.47323,4130.76
12.1915,1.2,0.104752,3.47526,4130.76
12.1965,1.2,0.104752,3.47526,4130.76
12.2015,1.2,0.104752,3.47526,4130.76
12.2066,1.2,0.104752,3.47526,4130.76
12.2116,1.2,0.0757165,3.47673,4130.76
12.2166,1.2,0.0757165,3.47673,4130.76
12.2215,1.2,0.0757165,3.47673,4130.76
12.2267,1.2,0.0757165,3.47673,4130.76
12.2317,1.2,0.0697811,3.47808,4130.76
12.2365,1.2,0.0697811,3.47808,4130.76
12.2415,1.2,0.0697811,3.47808,4130.76
12.2465,1.2,0.0697811,3.47808,4130.76
12.2515,1.2,0.0545415,3.47914,4130.76
12.2565,1.2,0.0545415,3.47914,4130.76
12.2615,1.2,0.0545415,3.47914,4130.76
12.2665,1.2,0.0545415,3.47914,4130.76
12.2715,1.2,0.0343291,3.4798,4130.76
12.2766,1.2,0.0343291,3.4798,4130.76
12.2815,1.2,0.0343291,3.4798,4130.76
12.2865,1.2,0.0343291,3.4798,4130.76
12.2916,1.2,0.0343291,3.48047,4130.76
12.2966,1.2,0.0343291,3.48047,4130.76
12.3015,1.2,0.0343291,3.48047,4130.76
12.3065,1.2,0.0343291,3.48047,4130.76
12.3115,1.2,0.0226187,3.48091,4130.76
12.3165,1.2,0.0226187,3.48091,4130.76
12.3215,1.2,0.0226187,3.48091,4130.76
12.3266,1.2,0.0226187,3.48091,4130.76
12.3316,1.2,0.0155604,3.48121,4130.76
12.3366,1.2,0.0155604,3.48121,4130.76
12.3415,1.2,0.0155604,3.48121,4130.76
12.3465,1.2,0.0155604,3.48121,4130.76
12.3515,1.2,0.0149187,3.4815,4130.76
12.3565,1.2,0.0149187,3.4815,4130.76
12.3615,1.2,0.0149187,3.4815,4130.76
12.3665,1.2,0.0149187,3.4815,4130.76
12.3715,1.2,0.00866248,3.48167,4511.33
12.3765,1.2,0.00866248,3.48167,4511.33
12.3815,1.2,0.00866248,3.48167,4511.33
12.3865,1.2,0.00866248,3.48167,4511.33
12.3916,1.2,0.00673748,3.4818,4511.33
12.3966,1.2,0.00673748,3.4818,4511.33
12.4015,1.2,0.00673748,3.4818,4511.33
12.4065,1.2,0.00673748,3.4818,4511.33
12.4116,1.2,0.00625624,3.48192,4511.33
12.4166,1.2,0.00625624,3.48192,4511.33
12.4215,1.2,0.00625624,3.48192,4511.33
12.4266,1.2,0.00625624,3.48192,4511.33
12.4315,1.2,0.00609582,3.48204,4511.33
12.4365,1.2,0.00609582,3.48204,4511.33
12.4415,1.2,0.00609582,3.48204,4511.33
12.4465,1.2,0.00609582,3.48204,4511.33
12.4515,1.2,0.00529374,3.48214,4511.33
12.4566,1.2,0.00529374,3.48214,4511.33
12.4617,1.2,0.00529374,3.48214,4511.33
12.4666,1.2,0.00529374,3.48214,4511.33
12.4715,1.2,0.00449166,3.48223,4511.33
12.4766,1.2,0.00449166,3.48223,4511.33
12.4816,1.2,0.00449166,3.48223,4511.33
12.4866,1.2,0.00449166,3.48223,4511.33
12.4915,1.2,0.00336874,3.48229,4511.33
12.4966,1.2,0.00336874,3.48229,4511.33
12.5016,1.2,0.00336874,3.48229,4511.33
12.5066,1.2,0.00336874,3.48229,4511.33
12.5115,1.2,0.00288749,3.48235,4511.33
12.5165,1.2,0.00288749,3.48235,4511.33
12.5216,1.2,0.00288749,3.48235,4511.33
12.5267,1.2,0.00288749,3.48235,4511.33
12.5316,1.2,0.00240624,3.4824,4511.33
12.5365,1.2,0.00240624,3.4824,4511.33
12.5415,1.2,0.00240624,3.4824,4511.33
12.5465,1.2,0.00240624,3.4824,4511.33
12.5515,1.2,0.00176458,3.48243,4511.33
12.5565,1.2,0.00176458,3.48243,4511.33
12.5615,1.2,0.00176458,3.48243,4511.33
12.5665,1.2,0.00176458,3.48243,4511.33
12.5715,1.2,0.00144375,3.48246,4511.33
12.5765,1.2,0.00144375,3.48246,4511.33
12.5815,1.2,0.00144375,3.48246,4511.33
12.5865,1.2,0.00144375,3.48246,4511.33
12.5915,1.2,0.00128333,3.48248,4511.33
12.5965,1.2,0.00128333,3.48248,4511.33
12.6015,1.2,0.00128333,3.48248,4511.33
12.6065,1.2,0.00128333,3.48248,4511.33
12.6115,1.2,0.000962498,3.4825,4511.33
12.6165,1.2,0.000962498,3.4825,4511.33
12.6216,1.2,0.000962498,3.4825,4511.33
12.6266,1.2,0.000962498,3.4825,4511.33
12.6316,1.2,0.000962498,3.48252,4511.33
12.6366,1.2,0.000962498,3.48252,4511.33
12.6415,1.2,0.000962498,3.48252,4511.33
12.6466,1.2,0.000962498,3.48252,4511.33
12.6516,1.2,0.000641665,3.48253,4511.33
12.6565,1.2,0.000641665,3.48253,4511.33
12.6616,1.2,0.000641665,3.48253,4511.33
12.6666,1.2,0.000641665,3.48253,4511.33
12.6715,1.2,0.000481249,3.48254,4511.33
12.6765,1.2,0.000481249,3.48254,4511.33
12.6815,1.2,0.000481249,3.48254,4511.33
12.6865,1.2,0.000481249,3.48254,4511.33
12.6915,1.2,0.000320833,3.48255,4511.33
12.6965,1.2,0.000320833,3.48255,4806.05
12.7016,1.2,0.000320833,3.48255,4806.05
12.7065,1.2,0.000320833,3.48255,4806.05
12.7115,1.2,0.000320833,3.48255,4806.05
12.7165,1.2,0.000320833,3.48255,4806.05
12.7215,1.2,0.000320833,3.48255,4806.05
12.7268,1.2,0.000320833,3.48255,4806.05
12.7315,1.2,0.000320833,3.48256,4806.05
12.7365,1.2,0.000320833,3.48256,4806.05
12.7415,1.2,0.000320833,3.48256,4806.05
12.7466,1.2,0.000320833,3.48256,4806.05
12.7515,1.2,0.000320833,3.48257,4806.05
12.7565,1.2,0.000320833,3.48257,4806.05
12.7616,1.2,0.000320833,3.48257,4806.05
12.7667,1.2,0.000320833,3.48257,4806.05
12.7716,1.2,0.000160416,3.48257,4806.05
12.7765,1.2,0.000160416,3.48257,4806.05
12.7816,1.2,0.000160416,3.48257,4806.05
12.7866,1.2,0.000160416,3.48257,4806.05
12.7917,1.2,0.000160416,3.48257,4806.05
12.7965,1.2,0.000160416,3.48257,4806.05
12.8015,1.2,0.000160416,3.48257,4806.05
12.8066,1.2,0.000160416,3.48257,4806.05
12.8115,1.2,0.000160416,3.48258,4806.05
12.8166,1.2,0.000160416,3.48258,4806.05
12.8215,1.2,0.000160416,3.48258,4806.05
12.8266,1.2,0.000160416,3.48258,4806.05
12.8315,1.2,0.000160416,3.48258,4806.05
12.8366,1.2,0.000160416,3.48258,4806.05
12.8416,1.2,0.000160416,3.48258,4806.05
12.8465,1.2,0.000160416,3.48258,4806.05
12.8515,1.2,0,3.48258,4806.05
12.8566,1.2,0,3.48258,4806.05
12.8616,1.2,0,3.48258,4806.05
12.8665,1.2,0,3.48258,4806.05
12.8715,1.2,0,3.48258,4806.05
12.8765,1.2,0,3.48258,4806.05
12.8815,1.2,0,3.48258,4806.05
12.8865,1.2,0,3.48258,4806.05
12.8915,1.2,0,3.48258,4806.05
12.8965,1.2,0,3.48258,4806.05
12.9015,1.2,0,3.48258,4806.05
12.9065,1.2,0,3.48258,4806.05
12.9115,1.2,0,3.48258,4806.05
