0.000598744,0,0,0
0.00566079,0,0,0
0.0106977,0,0,0
0.0156939,0,0,0
0.0206537,0,0,0
0.0256697,0,0,0
0.0306589,0,0,0
0.0356255,0,0,0
0.0406614,0,0,0
0.0456621,0,0,0
0.0506627,0,0,0
0.0557675,0,0,0
0.0606647,0,0,0
0.0657248,0,0,0
0.0706417,0,0,0
0.0756494,0,0,0
0.0806712,0,0,0
0.0857972,0,0,0
0.0906881,0,0,0
0.0957367,0,0,0
0.100669,0,0,0
0.105689,0,0,0
0.110813,0,0,0
0.115812,0,0,0
0.120694,0,0,0
0.125672,0,0,0
0.130797,0,0,0
0.135826,0,0,0
0.140678,0,0,0
0.145805,0,0,0
0.150786,0,0,0
0.15576,0,0,0
0.160645,0,0,0
0.165801,0,0,0
0.1708,0,0,0
0.17581,0,0,0
0.180643,0,0,0
0.185747,0,0,0
0.190787,0,0,0
0.195745,0,0,0
0.200674,0,0,0
0.205731,0,0,0
0.210783,0,0,0
0.215742,0,0,0
0.220701,0,0,0
0.22566,0,0,0
0.230683,0,0,0
0.23579,0,0,0
0.240654,0,0,0
0.245717,0,0,0
0.250747,0,0,0
0.255627,0,0,0
0.260666,0,0,0
0.265663,0,0,0
0.270761,0,0,0
0.275796,0,0,0
0.280651,0,0,0
0.285688,0,0,0
0.29079,0,0,0
0.295807,0,0,0
0.300655,0,0,0
0.305748,0,0,0
0.310661,0,0,0
0.315688,0,0,0
0.32066,0,0,0
0.325787,0,0,0
0.330784,0,0,0
0.335815,0,0,0
0.340653,0,0,0
0.345792,0,0,0
0.350779,0,0,0
0.355692,0,0,0
0.360666,0,0,0
0.365804,0,0,0
0.37067,0,0,0
0.375676,0,0,0
0.380664,0,0,0
0.38576,0,0,0
0.390773,0,0,0
0.395833,0,0,0
0.400651,0,0,0
0.405646,0,0,0
0.410666,0,0,0
0.415684,0,0,0
0.420648,0,0,0
0.425684,0,0,0
0.430785,0,0,0
0.435746,0,0,0
0.440664,0,0,0
0.445773,0,0,0
0.450649,0,0,0
0.455662,0,0,0
0.460621,0,0,0
0.465668,0,0,0
0.470758,0,0,0
0.475665,0,0,0
0.480688,0,0,0
0.485782,0,0,0
0.490777,0,0,0
0.49567,0,0,0
0.500655,0,0,0
0.505665,0,0,0
0.510669,0,0,0
0.515807,0,0,0
0.520639,0,0,0
0.525672,0,0,0
0.530754,0,0,0
0.535674,0,0,0
0.540672,0,0,0
0.545763,0,0,0
0.550783,0,0,0
0.555673,0,0,0
0.560662,0,0,0
0.565663,0,0,0
0.570783,0,0,0
0.575647,0,0,0
0.580653,0,0,0
0.58578,0,0,0
0.590782,0,0,0
0.59576,0,0,0
0.600642,0,0,0
0.605659,0,0,0
0.610724,0,0,0
0.615664,0,0,0
0.620666,0,0,0
0.625646,0,0,0
0.630781,0,0,0
0.635819,0,0,0
0.640654,0,0,0
0.645679,0,0,0
0.650659,0,0,0
0.655699,0,0,0
0.660727,0,0,0
0.665658,0,0,0
0.670646,0,0,0
0.675638,0,0,0
0.680656,0,0,0
0.685733,0,0,0
0.690725,0,0,0
0.695684,0,0,0
0.700659,0,0,0
0.705757,0,0,0
0.710675,0,0,0
0.71575,0,0,0
0.720666,0,0,0
0.725752,0,0,0
0.73069,0,0,0
0.735766,0,0,0
0.740644,0,0,0
0.745725,0,0,0
0.750723,0,0,0
0.755668,0,0,0
0.760648,0,0,0
0.765773,0,0,0
0.770783,0,0,0
0.775786,0,0,0
0.780653,0,0,0
0.785772,0,0,0
0.790771,0,0,0
0.795674,0,0,0
0.800654,0,0,0
0.805789,0,0,0
0.810718,0,0,0
0.815798,0,0,0
0.820655,0,0,0
0.825748,0,0,0
0.830724,0,0,0
0.83572,0,0,0
0.840665,0,0,0
0.845715,0,0,0
0.850787,0,0,0
0.855702,0,0,0
0.860661,0,0,0
0.865641,0,0,0
0.870844,0,0,0
0.875649,0,0,0
0.880618,0,0,0
0.885658,0,0,0
0.890656,0,0,0
0.89565,0,0,0
0.900639,0,0,0
0.905749,0,0,0
0.910663,0,0,0
0.91566,0,0,0
0.920657,0,0,0
0.925641,0,0,0
0.930662,0,0,0
0.935651,0,0,0
0.940657,0,0,0
0.945712,0,0,0
0.950715,0,0,0
0.955708,0,0,0
0.960654,0,0,0
0.965699,0,0,0
0.970759,0,0,0
0.975787,0,0,0
0.98064,0,0,0
0.98572,0,0,0
0.990643,0,0,0
0.995781,0,0,0
1.00061,0,0,0
1.00573,0,0,0
1.01072,0,0,0
1.01572,0,0,0
1.02066,0,0,0
1.02562,0,0,0
1.03078,0,0,0
1.03575,0,0,0
1.04064,0,0,0
1.04565,0,0,0
1.05065,0,0,0
1.05563,0,0,0
1.06063,0,0,0
1.06564,0,0,0
1.07065,0,0,0
1.07563,0,0,0
1.08063,0,0,0
1.08563,0,0,0
1.09062,0,0,0
1.09566,0,0,0
1.10065,0,0,0
1.10565,0,0,0
1.11062,0,0,0
1.11563,0,0,0
1.12067,0,0,0
1.12564,0,0,0
1.13071,0,0,0
1.13566,0,0,0
1.14065,0,0,0
1.14565,0,0,0
1.15063,0,0,0
1.15568,0,0,0
1.16064,0,0,0
1.16563,0,0,0
1.17078,0,0,0
1.17566,0,0,0
1.18064,0,0,0
1.18564,0,0,0
1.19072,0,0,0
1.19566,0,0,0
1.20064,0,0,0
1.20565,0,0,0
1.21065,0,0,0
1.21563,0,0,0
1.22066,0,0,0
1.2256,0,0,0
1.23065,0,0,0
1.2358,0,0,0
1.24064,0,0,0
1.24565,0,0,0
1.25071,0,0,0
1.25567,0,0,0
1.26064,0,0,0
1.26563,0,0,0
1.27076,0,0,0
1.27568,0,0,0
1.28065,0,0,0
1.28565,0,0,0
1.29073,0,0,0
1.29564,0,0,0
1.30061,0,0,0
1.30567,0,0,0
1.31065,0,0,0
1.31565,0,0,0
1.32066,0,0,0
1.32564,0,0,0
1.33078,0,0,0
1.33579,0,0,0
1.34064,0,0,0
1.34565,0,0,0
1.35077,0,0,0
1.35568,0,0,0
1.36064,0,0,0
1.36576,0,0,0
1.37079,0,0,0
1.37567,0,0,0
1.38065,0,0,0
1.38563,0,0,0
1.39078,0,0,0
1.3958,0,0,0
1.40064,0,0,0
1.40565,0,0,0
1.41079,0,0,0
1.41577,0,0,0
1.42064,0,0,0
1.42573,0,0,0
1.43085,0,0,0
1.43569,0,0,0
1.44064,0,0,0
1.44568,0,0,0
1.45078,0,0,0
1.45576,0,0,0
1.46064,0,0,0
1.46578,0,0,0
1.47065,0,0,0
1.47575,0,0,0
1.48064,0,0,0
1.48574,0,0,0
1.49066,0,0,0
1.49579,0,0,0
1.50065,0,0,0
1.50566,0,0,0
1.51061,0,0,0
1.51565,0,0,0
1.52065,0,0,0
1.52564,0,0,0
1.53061,0,0,0
1.53571,0,0,0
1.54063,0,0,0
1.54571,0,0,0
1.55077,0,0,0
1.55568,0,0,0
1.56064,0,0,0
1.56567,0,0,0
1.57073,0,0,0
1.57566,0,0,0
1.58064,0,0,0
1.58567,0,0,0
1.59077,0,0,0
1.59567,0,0,0
1.60064,0,0,0
1.60565,0,0,0
1.61075,0,0,0
1.61565,0,0,0
1.62064,0,0,0
1.62566,0,0,0
1.63075,0,0,0
1.63574,0,0,0
1.64064,0,0,0
1.64571,0,0,0
1.65071,0,0,0
1.65567,0,0,0
1.66062,0,0,0
1.66565,0,0,0
1.67076,0,0,0
1.67576,0,0,0
1.68062,0,0,0
1.68567,0,0,0
1.69077,0,0,0
1.69571,0,0,0
1.70064,0,0,0
1.70567,0,0,0
1.71065,0,0,0
1.71568,0,0,0
1.72062,0,0,0
1.72561,0,0,0
1.73064,0,0,0
1.73564,0,0,0
1.74063,0,0,0
1.74565,0,0,0
1.75078,0,0,0
1.75575,0,0,0
1.76064,0,0,0
1.76565,0,0,0
1.77076,0,0,0
1.77579,0,0,0
1.78062,0,0,0
1.78566,0,0,0
1.79079,0,0,0
1.79578,0,0,0
1.80063,0,0,0
1.80567,0,0,0
1.81078,0,0,0
1.81576,0,0,0
1.82064,0,0,0
1.82563,0,0,0
1.83067,0,0,0
1.83578,0,0,0
1.84064,0,0,0
1.84565,0,0,0
1.85071,0,0,0
1.85567,0,0,0
1.86063,0,0,0
1.86567,0,0,0
1.87079,0,0,0
1.8758,0,0,0
1.88074,0,0,0
1.88575,0,0,0
1.89075,0,0,0
1.89579,0,0,0
1.90064,0,0,0
1.90567,0,0,0
1.91064,0,0,0
1.91571,0,0,0
1.92064,0,0,0
1.92576,0,0,0
1.93066,0,0,0
1.93561,0,0,0
1.94061,0,0,0
1.94564,0,0,0
1.9506,0,0,0
1.95565,0,0,0
1.96064,0,0,0
1.96564,0,0,0
1.97076,0,0,0
1.97563,0,0,0
1.98064,0,0,0
1.98563,0,0,0
1.99076,0,0,0
1.99579,0,0,0
2.00063,0,0,0
2.00564,0,0,0
2.01065,0,0,0
2.01578,0,0,0
2.02064,0,0,0
2.02578,0,0,0
2.03077,0,0,0
2.03575,0,0,0
2.04064,0,0,0
2.04573,0,0,0
2.05074,0,0,0
2.05575,0,0,0
2.06064,0,0,0
2.06572,0,0,0
2.07065,0,0,0
2.07569,0,0,0
2.08063,0,0,0
2.08574,0,0,0
2.09074,0,0,0
2.09577,0,0,0
2.10063,0,0,0
2.10577,0,0,0
2.11065,0,0,0
2.11582,0,0,0
2.12064,0,0,0
2.12573,0,0,0
2.13064,0,0,0
2.13567,0,0,0
2.14062,0,0,0
2.14562,0,0,0
2.15063,0,0,0
2.15565,0,0,0
2.16064,0,0,0
2.16564,0,0,0
2.17076,0,0,0
2.17565,0,0,0
2.18064,0,0,0
2.18564,0,0,0
2.19076,0,0,0
2.1957,0,0,0
2.20063,0,0,0
2.20566,0,0,0
2.21076,0,0,0
2.21579,0,0,0
2.22063,0,0,0
2.22564,0,0,0
2.23075,0,0,0
2.23565,0,0,0
2.24063,0,0,0
2.24564,0,0,0
2.25073,0,0,0
2.2558,0,0,0
2.26063,0,0,0
2.26567,0,0,0
2.27076,0,0,0
2.2758,0,0,0
2.28063,0,0,0
2.28564,0,0,0
2.29076,0,0,0
2.29579,0,0,0
2.30063,0,0,0
2.30564,0,0,0
2.31064,0,0,0
2.31571,0,0,0
2.32063,0,0,0
2.32565,0,0,0
2.33065,0,0,0
2.33579,0,0,0
2.34063,0,0,0
2.34567,0,0,0
2.35065,0,0,0
2.35564,0,0,0
2.3606,0,0,0
2.36564,0,0,0
2.37072,0,0,0
2.37565,0,0,0
2.38063,0,0,0
2.38574,0,0,0
2.39065,0,0,0
2.39579,0,0,0
2.40062,0,0,0
2.4057,0,0,0
2.41064,0,0,0
2.41571,0,0,0
2.42063,0,0,0
2.42575,0,0,0
2.43075,0,0,0
2.43571,0,0,0
2.44062,0,0,0
2.4457,0,0,0
2.45075,0,0,0
2.45576,0,0,0
2.46064,0,0,0
2.46572,0,0,0
2.47066,0,0,0
2.47576,0,0,0
2.48062,0,0,0
2.48574,0,0,0
2.49064,0,0,0
2.49578,0,0,0
2.50061,0,0,0
2.50575,0,0,0
2.51078,0,0,0
2.51566,0,0,0
2.52064,0,0,0
2.52574,0,0,0
2.53064,0,0,0
2.53565,0,0,0
2.54063,0,0,0
2.54562,0,0,0
2.55073,0,0,0
2.55565,0,0,0
2.56061,0,0,0
2.56564,0,0,0
2.57065,0,0,0
2.5756,0,0,0
2.58063,0,0,0
2.58563,0,0,0
2.59064,0,0,0
2.59572,0,0,0
2.60063,0,0,0
2.60573,0,0,0
2.61077,0,0,0
2.61577,0,0,0
2.62063,0,0,0
2.62568,0,0,0
2.63073,0,0,0
2.63573,0,0,0
2.64063,0,0,0
2.64573,0,0,0
2.65077,0,0,0
2.65572,0,0,0
2.66063,0,0,0
2.66566,0,0,0
2.67081,0,0,0
2.6758,0,0,0
2.68063,0,0,0
2.68571,0,0,0
2.69073,0,0,0
2.6958,0,0,0
2.70062,0,0,0
2.70563,0,0,0
2.71077,0,0,0
2.71581,0,0,0
2.72064,0,0,0
2.72572,0,0,0
2.73076,0,0,0
2.73581,0,0,0
2.74063,0,0,0
2.74563,0,0,0
2.75064,0,0,0
2.75566,0,0,0
2.76064,0.5,0,0
2.76575,0.5,0,0
2.77078,0.5,0,0
2.77562,0.5,0,0
2.78064,0.5,0,0
2.7856,0.5,0,0
2.79063,0.5,0,0
2.79567,0.5,0,0
2.80063,0.5,0,0
2.80562,0.5,0,0
2.81064,0.5,0,0
2.8157,0.5,0,0
2.82063,0.5,0,0
2.82567,0.5,0,0
2.83072,0.5,0,0
2.83578,0.5,0,0
2.84063,0.5,0.0750748,0.00150067
2.84569,0.5,0.0750748,0.00150067
2.85075,0.5,0.0750748,0.00150067
2.85566,0.5,0.0750748,0.00150067
2.86063,0.5,0.161218,0.00472326
2.86564,0.5,0.161218,0.00472326
2.87075,0.5,0.161218,0.00472326
2.87562,0.5,0.161218,0.00472326
2.88063,0.5,0.189772,0.00851662
2.88566,0.5,0.189772,0.00851662
2.89077,0.5,0.189772,0.00851662
2.8958,0.5,0.189772,0.00851662
2.90063,0.5,0.286343,0.0142403
2.90562,0.5,0.286343,0.0142403
2.91066,0.5,0.286343,0.0142403
2.91578,0.5,0.286343,0.0142403
2.92063,0.5,0.317624,0.0205893
2.92563,0.5,0.317624,0.0205893
2.93072,0.5,0.317624,0.0205893
2.9357,0.5,0.317624,0.0205893
2.94062,0.5,0.347462,0.0275347
2.94573,0.5,0.347462,0.0275347
2.95072,0.5,0.347462,0.0275347
2.95565,0.5,0.347462,0.0275347
2.96063,0.5,0.391576,0.0353619
2.96569,0.5,0.391576,0.0353619
2.97078,0.5,0.391576,0.0353619
2.97571,0.5,0.391576,0.0353619
2.98061,0.5,0.399116,0.0433398
2.98564,0.5,0.399116,0.0433398
2.99063,0.5,0.399116,0.0433398
2.9956,0.5,0.399116,0.0433398
3.00061,0.5,0.423339,0.0518019
3.00563,0.5,0.423339,0.0518019
3.01072,0.5,0.423339,0.0518019
3.01572,0.5,0.423339,0.0518019
3.02062,0.5,0.445316,0.0607033
3.02567,0.5,0.445316,0.0607033
3.03064,0.5,0.445316,0.0607033
3.03572,0.5,0.445316,0.0607033
3.04063,0.5,0.448845,0.0696752
3.04566,0.5,0.448845,0.0696752
3.05071,0.5,0.448845,0.0696752
3.05567,0.5,0.448845,0.0696752
3.06064,0.5,0.460716,0.0788845
3.0657,0.5,0.460716,0.0788845
3.07063,0.5,0.460716,0.0788845
3.07577,0.5,0.460716,0.0788845
3.08063,0.5,0.468255,0.0882444
3.08564,0.5,0.468255,0.0882444
3.09063,0.5,0.468255,0.0882444
3.09564,0.5,0.468255,0.0882444
3.1006,0.5,0.469859,0.0976364
3.10562,0.5,0.469859,0.0976364
3.11064,0.5,0.469859,0.0976364
3.11578,0.5,0.469859,0.0976364
3.1206,0.5,0.477559,0.107182
3.12563,0.5,0.477559,0.107182
3.13068,0.5,0.477559,0.107182
3.13577,0.5,0.477559,0.107182
3.14061,0.5,0.482211,0.116821
3.14573,0.5,0.482211,0.116821
3.15075,0.5,0.482211,0.116821
3.1557,0.5,0.482211,0.116821
3.16062,0.5,0.483655,0.126489
3.16574,0.5,0.483655,0.126489
3.17074,0.5,0.483655,0.126489
3.17578,0.5,0.483655,0.126489
3.18061,0.5,0.488468,0.136253
3.1857,0.5,0.488468,0.136253
3.19072,0.5,0.488468,0.136253
3.19578,0.5,0.488468,0.136253
3.20061,0.5,0.48943,0.146036
3.20562,0.5,0.48943,0.146036
3.2106,0.5,0.48943,0.146036
3.21563,0.5,0.48943,0.146036
3.22062,0.5,0.491034,0.155851
3.22559,0.5,0.491034,0.155851
3.2307,0.5,0.491034,0.155851
3.23569,0.5,0.491034,0.155851
3.2406,0.5,0.494403,0.165734
3.24562,0.5,0.494403,0.165734
3.25076,0.5,0.494403,0.165734
3.25572,0.5,0.494403,0.165734
3.2606,0.5,0.495366,0.175636
3.26573,0.5,0.495366,0.175636
3.27078,0.5,0.495366,0.175636
3.27572,0.5,0.495366,0.175636
3.28062,0.5,0.495366,0.185538
3.28565,0.5,0.495366,0.185538
3.29066,0.5,0.495366,0.185538
3.29576,0.5,0.495366,0.185538
3.3006,0.5,0.49713,0.195475
3.30563,0.5,0.49713,0.195475
3.31061,0.5,0.49713,0.195475
3.31584,0.5,0.49713,0.195475
3.3206,0.5,0.497451,0.205418
3.32571,0.5,0.497451,0.205418
3.3307,0.5,0.497451,0.205418
3.33579,0.5,0.497451,0.205418
3.3406,0.5,0.498413,0.215381
3.34569,0.5,0.498413,0.215381
3.35073,0.5,0.498413,0.215381
3.35572,0.5,0.498413,0.215381
3.3606,0.5,0.497932,0.225334
3.3657,0.5,0.497932,0.225334
3.37072,0.5,0.497932,0.225334
3.3757,0.5,0.497932,0.225334
3.38062,0.5,0.498253,0.235294
3.38572,0.5,0.498253,0.235294
3.39074,0.5,0.498253,0.235294
3.39579,0.5,0.498253,0.235294
3.40063,0.5,0.498253,0.245253
3.40561,0.5,0.498253,0.245253
3.41069,0.5,0.498253,0.245253
3.41563,0.5,0.498253,0.245253
3.42061,0.5,0.498574,0.255219
3.42562,0.5,0.498574,0.255219
3.4306,0.5,0.498574,0.255219
3.43571,0.5,0.498574,0.255219
3.44061,0.5,0.498734,0.265188
3.44569,0.5,0.498734,0.265188
3.45075,0.5,0.498734,0.265188
3.45564,0.5,0.498734,0.265188
3.4606,0.5,0.499536,0.275174
3.46569,0.5,0.499536,0.275174
3.47074,0.5,0.499536,0.275174
3.47579,0.5,0.499536,0.275174
3.4806,0.5,0.500018,0.285169
3.4857,0.5,0.500018,0.285169
3.49075,0.5,0.500018,0.285169
3.49568,0.5,0.500018,0.285169
3.50059,0.5,0.500178,0.295167
3.50568,0.5,0.500178,0.295167
3.51075,0.5,0.500178,0.295167
3.51577,0.5,0.500178,0.295167
3.52059,0.5,0.500018,0.305161
3.52566,0.5,0.500018,0.305161
3.53068,0.5,0.500018,0.305161
3.5357,0.5,0.500018,0.305161
3.54056,0.5,0.500178,0.315159
3.54571,0.5,0.500178,0.315159
3.55074,0.5,0.500178,0.315159
3.55566,0.5,0.500178,0.315159
3.5606,0.5,0.499857,0.325151
3.56572,0.5,0.499857,0.325151
3.57077,0.5,0.499857,0.325151
3.57579,0.5,0.499857,0.325151
3.58057,0.5,0.499857,0.325151
3.58566,0.5,0.499536,0.335136
3.59071,0.5,0.499536,0.335136
3.59578,0.5,0.499536,0.335136
3.60062,0.5,0.499536,0.335136
3.60569,0.5,0.499697,0.345125
3.61076,0.5,0.499697,0.345125
3.61566,0.5,0.499697,0.345125
3.62056,0.5,0.499536,0.35511
3.62561,0.5,0.499536,0.35511
3.63059,0.5,0.499536,0.35511
3.63564,0.5,0.499536,0.35511
3.64062,0.5,0.499376,0.365092
3.64562,0.5,0.499376,0.365092
3.6507,0.5,0.499376,0.365092
3.6557,0.5,0.499376,0.365092
3.66057,0.5,0.499536,0.375077
3.66572,0.5,0.499536,0.375077
3.67071,0.5,0.499536,0.375077
3.67576,0.5,0.499536,0.375077
3.6806,0.5,0.499536,0.385062
3.68576,0.5,0.499536,0.385062
3.69075,0.5,0.499536,0.385062
3.69579,0.5,0.499536,0.385062
3.7006,0.5,0.499536,0.385062
3.70569,0.5,0.500338,0.395064
3.71062,0.5,0.500338,0.395064
3.71569,0.5,0.500338,0.395064
3.72063,0.5,0.500338,0.395064
3.72572,0.5,0.500338,0.405065
3.73063,0.5,0.500338,0.405065
3.73577,0.5,0.500338,0.405065
3.74064,0.5,0.500338,0.405065
3.74569,0.5,0.500018,0.41506
3.75076,0.5,0.500018,0.41506
3.75569,0.5,0.500018,0.41506
3.76068,0.5,0.500018,0.41506
3.76565,0.5,0.499697,0.425048
3.77074,0.5,0.499697,0.425048
3.77562,0.5,0.499697,0.425048
3.78065,0.5,0.499697,0.425048
3.78566,0.5,0.499857,0.43504
3.79075,0.5,0.499857,0.43504
3.79571,0.5,0.499857,0.43504
3.80065,0.5,0.499857,0.43504
3.80563,0.5,0.499536,0.445025
3.81074,0.5,0.499536,0.445025
3.81565,0.5,0.499536,0.445025
3.82063,0.5,0.499536,0.445025
3.82565,0.5,0.499857,0.455017
3.83072,0.5,0.499857,0.455017
3.83562,0.5,0.499857,0.455017
3.84055,0.5,0.499857,0.465008
3.84562,0.5,0.499857,0.465008
3.85061,0.5,0.499857,0.465008
3.85562,0.5,0.499857,0.465008
3.86061,0.5,0.499857,0.465008
3.86562,0.5,0.499697,0.474997
3.87063,0.5,0.499697,0.474997
3.87562,0.5,0.499697,0.474997
3.88065,0.5,0.499697,0.474997
3.88562,0.5,0.499857,0.484988
3.89068,0.5,0.499857,0.484988
3.89563,0.5,0.499857,0.484988
3.90061,0.5,0.499857,0.484988
3.90572,0.5,0.500178,0.494986
3.91063,0.5,0.500178,0.494986
3.91575,0.5,0.500178,0.494986
3.92063,0.5,0.500178,0.494986
3.92568,0.5,0.50098,0.505
3.93062,0.5,0.50098,0.505
3.93571,0.5,0.50098,0.505
3.94062,0.5,0.50098,0.505
3.94572,0.5,0.501141,0.515018
3.95077,0.5,0.501141,0.515018
3.95566,0.5,0.501141,0.515018
3.96068,0.5,0.501141,0.515018
3.96564,0.5,0.500178,0.525016
3.97076,0.5,0.500178,0.525016
3.97564,0.5,0.500178,0.525016
3.98063,0.5,0.500178,0.525016
3.98581,0.5,0.499697,0.535004
3.99061,0.5,0.499697,0.535004
3.99575,0.5,0.499697,0.535004
4.00065,0.5,0.499697,0.535004
4.00565,0.5,0.500499,0.545009
4.01075,0.5,0.500499,0.545009
4.01577,0.5,0.500499,0.545009
4.02064,0.5,0.500499,0.545009
4.02561,0.5,0.499697,0.554997
4.03069,0.5,0.499697,0.554997
4.03575,0.5,0.499697,0.554997
4.04063,0.5,0.499697,0.554997
4.04562,0.5,0.499697,0.564985
4.05062,0.5,0.499697,0.564985
4.05558,0.5,0.499697,0.564985
4.0606,0.5,0.499697,0.564985
4.06561,0.5,0.499697,0.574974
4.07066,0.5,0.499697,0.574974
4.07561,0.5,0.499697,0.574974
4.08064,0.5,0.499697,0.574974
4.08568,0.5,0.499697,0.584962
4.09074,0.5,0.499697,0.584962
4.09578,0.5,0.499697,0.584962
4.10062,0.5,0.499697,0.584962
4.10564,0.5,0.499697,0.594951
4.11075,0.5,0.499697,0.594951
4.11562,0.5,0.499697,0.594951
4.12064,0.5,0.499697,0.594951
4.12565,0.5,0.499697,0.604939
4.13071,0.5,0.499697,0.604939
4.13571,0.5,0.499697,0.604939
4.14063,0.5,0.499697,0.604939
4.14564,0.5,0.500338,0.61494
4.15076,0.5,0.500338,0.61494
4.15565,0.5,0.500338,0.61494
4.16063,0.5,0.500338,0.61494
4.16565,0.5,0.500499,0.624945
4.17074,0.5,0.500499,0.624945
4.17577,0.5,0.500499,0.624945
4.1806,0.5,0.500499,0.624945
4.18575,0.5,0.500018,0.63494
4.19075,0.5,0.500018,0.63494
4.19578,0.5,0.500018,0.63494
4.20061,0.5,0.500018,0.63494
4.20564,0.5,0.499697,0.644928
4.21073,0.5,0.499697,0.644928
4.21576,0.5,0.499697,0.644928
4.22062,0.5,0.499697,0.644928
4.22575,0.5,0.499857,0.65492
4.23072,0.5,0.499857,0.65492
4.23571,0.5,0.499857,0.65492
4.2406,0.5,0.499857,0.65492
4.24569,0.5,0.499376,0.664902
4.25074,0.5,0.499376,0.664902
4.25564,0.5,0.499376,0.664902
4.2606,0.5,0.499376,0.664902
4.26558,0.5,0.499697,0.67489
4.27062,0.5,0.499697,0.67489
4.27562,0.5,0.499697,0.67489
4.28061,0.5,0.499697,0.67489
4.28562,0.5,0.500018,0.684885
4.29063,0.5,0.500018,0.684885
4.29577,0.5,0.500018,0.684885
4.3006,0.5,0.500018,0.684885
4.30564,0.5,0.499536,0.69487
4.3106,0.5,0.499536,0.69487
4.31578,0.5,0.499536,0.69487
4.32071,0.5,0.499536,0.69487
4.32574,0.5,0.499697,0.704859
4.33063,0.5,0.499697,0.704859
4.33578,0.5,0.499697,0.704859
4.34071,0.5,0.499697,0.704859
4.34577,0.5,0.499536,0.714844
4.35062,0.5,0.499536,0.714844
4.35571,0.5,0.499536,0.714844
4.36072,0.5,0.499536,0.714844
4.36562,0.5,0.499857,0.724836
4.37072,0.5,0.499857,0.724836
4.37578,0.5,0.499857,0.724836
4.38065,0.5,0.499857,0.724836
4.38575,0.5,0.499376,0.734818
4.39072,0.5,0.499376,0.734818
4.39561,0.5,0.499376,0.734818
4.40064,0.5,0.499376,0.734818
4.40563,0.5,0.499216,0.744796
4.41076,0.5,0.499216,0.744796
4.41572,0.5,0.499216,0.744796
4.42066,0.5,0.499216,0.744796
4.42561,0.5,0.499376,0.754778
4.43075,0.5,0.499376,0.754778
4.4357,0.5,0.499376,0.754778
4.44065,0.5,0.499376,0.754778
4.44571,0.5,0.499536,0.764763
4.45076,0.5,0.499536,0.764763
4.45569,0.5,0.499536,0.764763
4.46062,0.5,0.499536,0.764763
4.46571,0.5,0.500178,0.774761
4.4706,0.5,0.500178,0.774761
4.47558,0.5,0.500178,0.774761
4.48061,0.5,0.500178,0.774761
4.48561,0.5,0.500338,0.784763
4.49062,0.5,0.500338,0.784763
4.49561,0.5,0.500338,0.784763
4.50063,0.5,0.500338,0.784763
4.50565,0.5,0.500338,0.794764
4.5107,0.5,0.500338,0.794764
4.51571,0.5,0.500338,0.794764
4.52062,0.5,0.500338,0.794764
4.52561,0.5,0.499697,0.804752
4.53062,0.5,0.499697,0.804752
4.53577,0.5,0.499697,0.804752
4.54064,0.5,0.499697,0.804752
4.5457,0.5,0.499857,0.814744
4.55065,0.5,0.499857,0.814744
4.5557,0.5,0.499857,0.814744
4.5606,0.5,0.499857,0.814744
4.56576,0.5,0.500499,0.824749
4.57069,0.5,0.500499,0.824749
4.57565,0.5,0.500499,0.824749
4.58062,0.5,0.500499,0.824749
4.58568,0.5,0.500659,0.834756
4.59076,0.5,0.500659,0.834756
4.59569,0.5,0.500659,0.834756
4.60064,0.5,0.500659,0.834756
4.60564,0.5,0.500659,0.844764
4.61061,0.5,0.500659,0.844764
4.61569,0.5,0.500659,0.844764
4.62064,0.5,0.500659,0.844764
4.6257,0.5,0.499857,0.854756
4.63076,0.5,0.499857,0.854756
4.6357,0.5,0.499857,0.854756
4.64062,0.5,0.499857,0.854756
4.64574,0.5,0.500659,0.864763
4.65074,0.5,0.500659,0.864763
4.65571,0.5,0.500659,0.864763
4.66065,0.5,0.500659,0.864763
4.66574,0.5,0.500659,0.874771
4.67069,0.5,0.500659,0.874771
4.67564,0.5,0.500659,0.874771
4.68064,0.5,0.500659,0.874771
4.6856,0.5,0.499216,0.88475
4.69059,0.5,0.499216,0.88475
4.69561,0.5,0.499216,0.88475
4.7006,0.5,0.499216,0.88475
4.70561,0.5,0.500018,0.894745
4.71064,0.5,0.500018,0.894745
4.71574,0.5,0.500018,0.894745
4.72064,0.5,0.500018,0.894745
4.72574,0.5,0.500018,0.904739
4.73071,0.5,0.500018,0.904739
4.73567,0.5,0.500018,0.904739
4.74064,0.5,0.500018,0.904739
4.74568,0.5,0.500018,0.914734
4.75074,0.5,0.500018,0.914734
4.7557,0.5,0.500018,0.914734
4.76064,0.5,0.500018,0.914734
4.7657,0.5,0.500018,0.924729
4.77074,0.5,0.500018,0.924729
4.77562,0.5,0.500018,0.924729
4.78064,0.5,0.500018,0.924729
4.7857,0.5,0.500018,0.934724
4.79074,0.5,0.500018,0.934724
4.79563,0.5,0.500018,0.934724
4.80062,0.5,0.500018,0.934724
4.80561,0.5,0.499536,0.944709
4.81073,0.5,0.499536,0.944709
4.81562,0.5,0.499536,0.944709
4.82064,0.5,0.499536,0.944709
4.82562,0.5,0.499697,0.954698
4.83067,0.5,0.499697,0.954698
4.83575,0.5,0.499697,0.954698
4.84065,0.5,0.499697,0.954698
4.84568,0.5,0.498734,0.964667
4.85074,0.5,0.498734,0.964667
4.85569,0.5,0.498734,0.964667
4.86062,0.5,0.498734,0.964667
4.86572,0.5,0.499055,0.974642
4.87075,0.5,0.499055,0.974642
4.87576,0.5,0.499055,0.974642
4.88065,0.5,0.499055,0.974642
4.88563,0.5,0.499055,0.984618
4.8907,0.5,0.499055,0.984618
4.8956,0.5,0.499055,0.984618
4.90058,0.5,0.499055,0.984618
4.90559,0.5,0.500018,0.994613
4.91068,0.5,0.500018,0.994613
4.9157,0.5,0.500018,0.994613
4.92061,0.5,0.500018,0.994613
4.92561,0.5,0.500018,1.00461
4.93067,0.5,0.500018,1.00461
4.93578,0.5,0.500018,1.00461
4.94064,0.5,0.500018,1.00461
4.94573,0.5,0.500018,1.0146
4.9507,0.5,0.500018,1.0146
4.95569,0.5,0.500018,1.0146
4.96061,0.5,0.500018,1.0146
4.96574,0.5,0.500338,1.0246
4.97075,0.5,0.500338,1.0246
4.97575,0.5,0.500338,1.0246
4.98062,0.5,0.500338,1.0246
4.98574,0.5,0.500499,1.03461
4.99073,0.5,0.500499,1.03461
4.99571,0.5,0.500499,1.03461
5.00064,0.5,0.500499,1.03461
5.00562,0.5,0.499697,1.0446
5.01067,0.5,0.499697,1.0446
5.01575,0.5,0.499697,1.0446
5.02064,0.5,0.499697,1.0446
5.02574,0.5,0.499857,1.05459
5.0307,0.5,0.499857,1.05459
5.03575,0.5,0.499857,1.05459
5.04063,0.5,0.499857,1.05459
5.0457,0.5,0.499857,1.06458
5.05062,0.5,0.499857,1.06458
5.05571,0.5,0.499857,1.06458
5.06064,0.5,0.499857,1.06458
5.06569,0.5,0.499376,1.07456
5.07061,0.5,0.499376,1.07456
5.07568,0.5,0.499376,1.07456
5.08063,0.5,0.499376,1.07456
5.08573,0.5,0.499857,1.08455
5.09073,0.5,0.499857,1.08455
5.09577,0.5,0.499857,1.08455
5.10061,0.5,0.499857,1.08455
5.10561,0.5,0.500018,1.09455
5.1106,0.5,0.500018,1.09455
5.11557,0.5,0.500018,1.09455
5.12061,0.5,0.500018,1.09455
5.12557,0.5,0.499536,1.10453
5.1306,0.5,0.499536,1.10453
5.13562,0.5,0.499536,1.10453
5.14062,0.5,0.499536,1.10453
5.14562,0.5,0.499857,1.11453
5.15071,0.5,0.499857,1.11453
5.15569,0.5,0.499857,1.11453
5.16063,0.5,0.499857,1.11453
5.16567,0.5,0.500178,1.12452
5.17075,0.5,0.500178,1.12452
5.17567,0.5,0.500178,1.12452
5.18063,0.5,0.500178,1.12452
5.18572,0.5,0.500338,1.13452
5.19072,0.5,0.500338,1.13452
5.19568,0.5,0.500338,1.13452
5.20061,0.5,0.500338,1.13452
5.2056,0.5,0.500338,1.14453
5.21061,0.5,0.500338,1.14453
5.21577,0.5,0.500338,1.14453
5.22063,0.5,0.500338,1.14453
5.22564,0.5,0.499857,1.15452
5.2307,0.5,0.499857,1.15452
5.23575,0.5,0.499857,1.15452
5.2406,0.5,0.499857,1.15452
5.24574,0.5,0.499697,1.16451
5.2507,0.5,0.499697,1.16451
5.25569,0.5,0.499697,1.16451
5.26061,0.5,0.499697,1.16451
5.26571,0.5,0.499857,1.1745
5.27074,0.5,0.499857,1.1745
5.27569,0.5,0.499857,1.1745
5.28064,0.5,0.499857,1.1745
5.28573,0.5,0.500018,1.18449
5.29068,0.5,0.500018,1.18449
5.29578,0.5,0.500018,1.18449
5.30061,0.5,0.500018,1.18449
5.30578,0.5,0.500338,1.19449
5.31063,0.5,0.500338,1.19449
5.31574,0.5,0.500338,1.19449
5.3206,0.5,0.500338,1.19449
5.32557,0.5,0.500018,1.20449
5.33057,0.5,0.500018,1.20449
5.3357,0.5,0.500018,1.20449
5.34062,0.5,0.500018,1.20449
5.34562,0.5,0.500338,1.21449
5.3506,0.5,0.500338,1.21449
5.35563,0.5,0.500338,1.21449
5.36061,0.5,0.500338,1.21449
5.3656,0.5,0.500338,1.22449
5.37067,0.5,0.500338,1.22449
5.37577,0.5,0.500338,1.22449
5.38062,0.5,0.500338,1.22449
5.38573,0.5,0.500338,1.23449
5.39073,0.5,0.500338,1.23449
5.39575,0.5,0.500338,1.23449
5.40063,0.5,0.500338,1.23449
5.40568,0.5,0.500018,1.24449
5.41058,0.5,0.500018,1.24449
5.41568,0.5,0.500018,1.24449
5.42063,0.5,0.500018,1.24449
5.42571,0.5,0.499536,1.25447
5.43074,0.5,0.499536,1.25447
5.43577,0.5,0.499536,1.25447
5.44062,0.5,0.499536,1.25447
5.44567,0.5,0.499857,1.26446
5.45068,0.5,0.499857,1.26446
5.45567,0.5,0.499857,1.26446
5.46063,0.5,0.499857,1.26446
5.46568,0.5,0.498895,1.27444
5.4707,0.5,0.498895,1.27444
5.47567,0.5,0.498895,1.27444
5.48063,0.5,0.498895,1.27444
5.48567,0.5,0.498413,1.2844
5.49072,0.5,0.498413,1.2844
5.49569,0.5,0.498413,1.2844
5.50062,0.5,0.498413,1.2844
5.50568,0.5,0.499536,1.29438
5.51059,0.5,0.499536,1.29438
5.51576,0.5,0.499536,1.29438
5.52064,0.5,0.499536,1.29438
5.52573,0.5,0.498895,1.30436
5.53067,0.5,0.498895,1.30436
5.53558,0.5,0.498895,1.30436
5.54062,0.5,0.498895,1.30436
5.54564,0.5,0.499055,1.31433
5.55067,0.5,0.499055,1.31433
5.55561,0.5,0.499055,1.31433
5.5606,0.5,0.499055,1.31433
5.56559,0.5,0.499055,1.32431
5.57069,0.5,0.499055,1.32431
5.5756,0.5,0.499055,1.32431
5.58062,0.5,0.499055,1.32431
5.58571,0.5,0.499055,1.33428
5.59069,0.5,0.499055,1.33428
5.59567,0.5,0.499055,1.33428
5.6006,0.5,0.499055,1.33428
5.60566,0.5,0.500018,1.34428
5.61059,0.5,0.500018,1.34428
5.61572,0.5,0.500018,1.34428
5.62061,0.5,0.500018,1.34428
5.62571,0.5,0.50098,1.35429
5.63059,0.5,0.50098,1.35429
5.63572,0.5,0.50098,1.35429
5.64062,0.5,0.50098,1.35429
5.64572,0.5,0.50098,1.36431
5.65072,0.5,0.50098,1.36431
5.65567,0.5,0.50098,1.36431
5.6606,0.5,0.50098,1.36431
5.66572,0.5,0.500018,1.3743
5.67074,0.5,0.500018,1.3743
5.67569,0.5,0.500018,1.3743
5.68062,0.5,0.500018,1.3743
5.68559,0.5,0.499216,1.38428
5.69063,0.5,0.499216,1.38428
5.69561,0.5,0.499216,1.38428
5.70063,0.5,0.499216,1.38428
5.70569,0.5,0.499376,1.39426
5.71073,0.5,0.499376,1.39426
5.71571,0.5,0.499376,1.39426
5.72062,0.5,0.499376,1.39426
5.72564,0.5,0.499055,1.40424
5.73069,0.5,0.499055,1.40424
5.73562,0.5,0.499055,1.40424
5.74058,0.5,0.499055,1.40424
5.74558,0.5,0.499536,1.41422
5.75056,0.5,0.499536,1.41422
5.75562,0.5,0.499536,1.41422
5.76061,0.5,0.499536,1.41422
5.7656,0.5,0.499857,1.42421
5.7706,0.5,0.499857,1.42421
5.77558,0.5,0.499857,1.42421
5.78063,0.5,0.499857,1.42421
5.7856,0.5,0.499857,1.43421
5.79058,0.5,0.499857,1.43421
5.79572,0.5,0.499857,1.43421
5.80063,0.5,0.499857,1.43421
5.8056,0.5,0.499857,1.4442
5.81072,0.5,0.499857,1.4442
5.81561,0.5,0.499857,1.4442
5.82063,0.5,0.499857,1.4442
5.82561,0.5,0.499376,1.45418
5.83073,0.5,0.499376,1.45418
5.83575,0.5,0.499376,1.45418
5.84061,0.5,0.499376,1.45418
5.84559,0.5,0.500018,1.46417
5.85072,0.5,0.500018,1.46417
5.85569,0.5,0.500018,1.46417
5.86063,0.5,0.500018,1.46417
5.86569,0.5,0.500018,1.47417
5.87072,0.5,0.500018,1.47417
5.87568,0.5,0.500018,1.47417
5.8806,0.5,0.500018,1.47417
5.88559,0.5,0.499536,1.48415
5.89073,0.5,0.499536,1.48415
5.89569,0.5,0.499536,1.48415
5.90063,0.5,0.499536,1.48415
5.90566,0.5,0.499536,1.49414
5.91061,0.5,0.499536,1.49414
5.91568,0.5,0.499536,1.49414
5.92062,0.5,0.499536,1.49414
5.92573,0.5,0.499857,1.50413
5.9307,0.5,0.499857,1.50413
5.93577,0.5,0.499857,1.50413
5.9406,0.5,0.499857,1.50413
5.94572,0.5,0.500018,1.51413
5.95071,0.5,0.500018,1.51413
5.95558,0.5,0.500018,1.51413
5.96058,0.5,0.500018,1.51413
5.9656,0.5,0.500499,1.52413
5.9706,0.5,0.500499,1.52413
5.9756,0.5,0.500499,1.52413
5.98055,0.5,0.500499,1.52413
5.98567,0.5,0.50082,1.53414
5.99069,0.5,0.50082,1.53414
5.99563,0.5,0.50082,1.53414
6.00062,0.5,0.50082,1.53414
6.00561,0.5,0.499536,1.54413
6.01063,0.5,0.499536,1.54413
6.01572,0.5,0.499536,1.54413
6.02059,0.5,0.499536,1.54413
6.02571,0.5,0.499697,1.55412
6.03069,0.5,0.499697,1.55412
6.03571,0.5,0.499697,1.55412
6.04063,0.5,0.499697,1.55412
6.0457,0.5,0.500178,1.56411
6.05073,0.5,0.500178,1.56411
6.05562,0.5,0.500178,1.56411
6.06062,0.5,0.500178,1.56411
6.0657,0.5,0.498895,1.57409
6.0707,0.5,0.498895,1.57409
6.07561,0.5,0.498895,1.57409
6.08064,0.5,0.498895,1.57409
6.08564,0.5,0.499376,1.58407
6.09072,0.5,0.499376,1.58407
6.09559,0.5,0.499376,1.58407
6.10063,0.5,0.499376,1.58407
6.10566,0.5,0.498574,1.59403
6.11072,0.5,0.498574,1.59403
6.11571,0.5,0.498574,1.59403
6.12063,0.5,0.498574,1.59403
6.1256,0.5,0.498734,1.604
6.1307,0.5,0.498734,1.604
6.13576,0.5,0.498734,1.604
6.14061,0.5,0.498734,1.604
6.14574,0.5,0.498895,1.61398
6.15067,0.5,0.498895,1.61398
6.1556,0.5,0.498895,1.61398
6.1606,0.5,0.498895,1.61398
6.16558,0.5,0.499697,1.62396
6.17056,0.5,0.499697,1.62396
6.17558,0.5,0.499697,1.62396
6.18059,0.5,0.499697,1.62396
6.1856,0.5,0.499697,1.63395
6.19064,0.5,0.499697,1.63395
6.19564,0.5,0.499697,1.63395
6.20058,0.5,0.499697,1.63395
6.2056,0.5,0.499857,1.64394
6.21059,0.5,0.499857,1.64394
6.21569,0.5,0.499857,1.64394
6.22059,0.5,0.499857,1.64394
6.22561,0.5,0.499857,1.65394
6.23073,0.5,0.499857,1.65394
6.23577,0.5,0.499857,1.65394
6.24063,0.5,0.499857,1.65394
6.24562,0.5,0.499857,1.66393
6.2506,0.5,0.499857,1.66393
6.25563,0.5,0.499857,1.66393
6.26062,0.5,0.499857,1.66393
6.26571,0.5,0.50082,1.67394
6.27073,0.5,0.50082,1.67394
6.27571,0.5,0.50082,1.67394
6.28058,0.5,0.50082,1.67394
6.28572,0.5,0.500018,1.68393
6.29069,0.5,0.500018,1.68393
6.29568,0.5,0.500018,1.68393
6.30063,0.5,0.500018,1.68393
6.30568,0.5,0.500018,1.69393
6.31067,0.5,0.500018,1.69393
6.31572,0.5,0.500018,1.69393
6.32063,0.5,0.500018,1.69393
6.32571,0.5,0.499376,1.70391
6.33061,0.5,0.499376,1.70391
6.33578,0.5,0.499376,1.70391
6.34059,0.5,0.499376,1.70391
6.34569,0.5,0.499536,1.7139
6.35073,0.5,0.499536,1.7139
6.35562,0.5,0.499536,1.7139
6.36062,0.5,0.499536,1.7139
6.3656,0.5,0.499536,1.72388
6.37066,0.5,0.499536,1.72388
6.37561,0.5,0.499536,1.72388
6.38057,0.5,0.499536,1.72388
6.38555,0.5,0.499697,1.73387
6.39059,0.5,0.499697,1.73387
6.39562,0.5,0.499697,1.73387
6.40059,0.5,0.499697,1.73387
6.40561,0.5,0.500178,1.74387
6.41055,0.5,0.500178,1.74387
6.4157,0.5,0.500178,1.74387
6.42063,0.5,0.500178,1.74387
6.42559,0.5,0.499697,1.75386
6.43072,0.5,0.499697,1.75386
6.43561,0.5,0.499697,1.75386
6.44062,0.5,0.499697,1.75386
6.44573,0.5,0.500178,1.76385
6.45073,0.5,0.500178,1.76385
6.4556,0.5,0.500178,1.76385
6.46062,0.5,0.500178,1.76385
6.46567,0.5,0.500178,1.77385
6.47072,0.5,0.500178,1.77385
6.47568,0.5,0.500178,1.77385
6.48063,0.5,0.500178,1.77385
6.48571,0.5,0.500338,1.78385
6.49073,0.5,0.500338,1.78385
6.49559,0.5,0.500338,1.78385
6.5006,0.5,0.500338,1.78385
6.5056,0.5,0.500338,1.79385
6.51071,0.5,0.500338,1.79385
6.51576,0.5,0.500338,1.79385
6.52063,0.5,0.500338,1.79385
6.52566,0.5,0.500178,1.80385
6.53059,0.5,0.500178,1.80385
6.5356,0.5,0.500178,1.80385
6.54058,0.5,0.500178,1.80385
6.54557,0.5,0.499697,1.81384
6.55057,0.5,0.499697,1.81384
6.55559,0.5,0.499697,1.81384
6.56058,0.5,0.499697,1.81384
6.56557,0.5,0.500338,1.82384
6.5706,0.5,0.500338,1.82384
6.5757,0.5,0.500338,1.82384
6.58061,0.5,0.500338,1.82384
6.58568,0.5,0.500499,1.83385
6.59059,0.5,0.500499,1.83385
6.59555,0.5,0.500499,1.83385
6.60059,0.5,0.500499,1.83385
6.60559,0.5,0.500499,1.84385
6.61059,0.5,0.500499,1.84385
6.61566,0.5,0.500499,1.84385
6.62059,0.5,0.500499,1.84385
6.62559,0.5,0.499055,1.85383
6.63072,0.5,0.499055,1.85383
6.6357,0.5,0.499055,1.85383
6.64061,0.5,0.499055,1.85383
6.64566,0.5,0.499376,1.86381
6.65066,0.5,0.499376,1.86381
6.65568,0.5,0.499376,1.86381
6.66059,0.5,0.499376,1.86381
6.66571,0.5,0.500018,1.8738
6.67075,0.5,0.500018,1.8738
6.67565,0.5,0.500018,1.8738
6.6806,0.5,0.500018,1.8738
6.68571,0.5,0.500178,1.8838
6.69071,0.5,0.500178,1.8838
6.6957,0.5,0.500178,1.8838
6.7006,0.5,0.500178,1.8838
6.7056,0.5,0.500338,1.8938
6.71058,0.5,0.500338,1.8938
6.71559,0.5,0.500338,1.8938
6.72062,0.5,0.500338,1.8938
6.72568,0.5,0.499376,1.90378
6.73074,0.5,0.499376,1.90378
6.7356,0.5,0.499376,1.90378
6.74063,0.5,0.499376,1.90378
6.74557,0.5,0.500338,1.91379
6.75071,0.5,0.500338,1.91379
6.7556,0.5,0.500338,1.91379
6.76061,0.5,0.500338,1.91379
6.76571,0.5,0.499536,1.92377
6.77076,0.5,0.499536,1.92377
6.77557,0.5,0.499536,1.92377
6.78062,0.5,0.499536,1.92377
6.78571,0.5,0.499536,1.93376
6.79071,0.5,0.499536,1.93376
6.7957,0.5,0.499536,1.93376
6.80058,0.5,0.499536,1.93376
6.80558,0.5,0.499536,1.94374
6.81057,0.5,0.499536,1.94374
6.81559,0.5,0.499536,1.94374
6.82057,0.5,0.499536,1.94374
6.82558,0.5,0.499697,1.95373
6.83057,0.5,0.499697,1.95373
6.83564,0.5,0.499697,1.95373
6.8406,0.5,0.499697,1.95373
6.84558,0.5,0.500499,1.96373
6.85061,0.5,0.500499,1.96373
6.85569,0.5,0.500499,1.96373
6.86061,0.5,0.500499,1.96373
6.86564,0.5,0.500659,1.97374
6.8707,0.5,0.500659,1.97374
6.87568,0.5,0.500659,1.97374
6.88062,0.5,0.500659,1.97374
6.88572,0.5,0.500018,1.98374
6.89072,0.5,0.500018,1.98374
6.89575,0.5,0.500018,1.98374
6.90059,0.5,0.500018,1.98374
6.90566,0.5,0.499376,1.99372
6.9107,0.5,0.499376,1.99372
6.91567,0.5,0.499376,1.99372
6.92062,0.5,0.499376,1.99372
6.92571,0.5,0.499857,2.00371
6.93068,0.5,0.499857,2.00371
6.93566,0.5,0.499857,2.00371
6.94061,0.5,0.499857,2.00371
6.94566,0.5,0.500018,2.01371
6.9506,0.5,0.500018,2.01371
6.95568,0.5,0.500018,2.01371
6.96059,0.5,0.500018,2.01371
6.96565,0.5,0.499376,2.02369
6.97071,0.5,0.499376,2.02369
6.97565,0.5,0.499376,2.02369
6.98061,0.5,0.499376,2.02369
6.98571,0.5,0.499216,2.03367
6.99065,0.5,0.499216,2.03367
6.99566,0.5,0.499216,2.03367
7.00061,0.5,0.499216,2.03367
7.00559,0.5,0.499376,2.04365
7.01064,0.5,0.499376,2.04365
7.01558,0.5,0.499376,2.04365
7.02055,0.5,0.499376,2.04365
7.02558,0.5,0.499376,2.05363
7.03058,0.5,0.499376,2.05363
7.03568,0.5,0.499376,2.05363
7.04058,0.5,0.499376,2.05363
7.04572,0.5,0.499697,2.06362
7.05065,0.5,0.499697,2.06362
7.05559,0.5,0.499697,2.06362
7.06059,0.5,0.499697,2.06362
7.06558,0.5,0.499376,2.0736
7.0706,0.5,0.499376,2.0736
7.0757,0.5,0.499376,2.0736
7.08061,0.5,0.499376,2.0736
7.08571,0.5,0.500338,2.0836
7.09068,0.5,0.500338,2.0836
7.09565,0.5,0.500338,2.0836
7.10059,0.5,0.500338,2.0836
7.10558,0.5,0.500338,2.0936
7.11067,0.5,0.500338,2.0936
7.11566,0.5,0.500338,2.0936
7.12061,0.5,0.500338,2.0936
7.12557,0.5,0.500499,2.10361
7.13071,0.5,0.500499,2.10361
7.13559,0.5,0.500499,2.10361
7.14061,0.5,0.500499,2.10361
7.14559,0.5,0.500499,2.11361
7.15072,0.5,0.500499,2.11361
7.15562,0.5,0.500499,2.11361
7.16062,0.5,0.500499,2.11361
7.16559,0.5,0.500499,2.12362
7.17072,0.5,0.500499,2.12362
7.17559,0.5,0.500499,2.12362
7.18059,0.5,0.500499,2.12362
7.18573,0.5,0.500659,2.13362
7.1907,0.5,0.500659,2.13362
7.19567,0.5,0.500659,2.13362
7.20062,0.5,0.500659,2.13362
7.20559,0.5,0.499697,2.14361
7.21059,0.5,0.499697,2.14361
7.21568,0.5,0.499697,2.14361
7.22062,0.5,0.499697,2.14361
7.22565,0.5,0.499857,2.1536
7.23054,0.5,0.499857,2.1536
7.23559,0.5,0.499857,2.1536
7.2406,0.5,0.499857,2.1536
7.24558,0.5,0.499697,2.16359
7.25056,0.5,0.499697,2.16359
7.2556,0.5,0.499697,2.16359
7.2606,0.5,0.499697,2.16359
7.26557,0.5,0.500499,2.1736
7.27068,0.5,0.500499,2.1736
7.27558,0.5,0.500499,2.1736
7.28061,0.5,0.500499,2.1736
7.28557,0.5,0.499857,2.18359
7.29067,0.5,0.499857,2.18359
7.29561,0.5,0.499857,2.18359
7.30058,0.5,0.499857,2.18359
7.30558,0.5,0.499857,2.19358
7.31061,0.5,0.499857,2.19358
7.31559,0.5,0.499857,2.19358
7.32062,0.5,0.499857,2.19358
7.32559,0.5,0.499857,2.20357
7.33066,0,0.499857,2.20357
7.33566,0,0.499857,2.20357
7.34061,0,0.499857,2.20357
7.34565,0,0.500178,2.21357
7.3508,0,0.500178,2.21357
7.3556,0,0.500178,2.21357
7.3606,0,0.500178,2.21357
7.36558,0,0.49697,2.2235
7.37067,0,0.49697,2.2235
7.37567,0,0.49697,2.2235
7.38062,0,0.49697,2.2235
7.38565,0,0.471143,2.23292
7.39067,0,0.471143,2.23292
7.39569,0,0.471143,2.23292
7.4006,0,0.471143,2.23292
7.40558,0,0.383716,2.24059
7.4107,0,0.383716,2.24059
7.41565,0,0.383716,2.24059
7.42061,0,0.383716,2.24059
7.42566,0,0.309443,2.24678
7.4307,0,0.309443,2.24678
7.43562,0,0.309443,2.24678
7.44058,0,0.309443,2.24678
7.44554,0,0.283456,2.25244
7.45058,0,0.283456,2.25244
7.45559,0,0.283456,2.25244
7.46058,0,0.283456,2.25244
7.46558,0,0.209664,2.25663
7.4707,0,0.209664,2.25663
7.47563,0,0.209664,2.25663
7.48059,0,0.209664,2.25663
7.48558,0,0.170523,2.26004
7.49071,0,0.170523,2.26004
7.49558,0,0.170523,2.26004
7.50061,0,0.170523,2.26004
7.50566,0,0.157529,2.26319
7.5107,0,0.157529,2.26319
7.51566,0,0.157529,2.26319
7.52061,0,0.157529,2.26319
7.52557,0,0.114698,2.26548
7.53065,0,0.114698,2.26548
7.53571,0,0.114698,2.26548
7.54058,0,0.114698,2.26548
7.54564,0,0.0932019,2.26735
7.55069,0,0.0932019,2.26735
7.55562,0,0.0932019,2.26735
7.56058,0,0.0932019,2.26735
7.5657,0,0.0861436,2.26907
7.57072,0,0.0861436,2.26907
7.57576,0,0.0861436,2.26907
7.58057,0,0.0861436,2.26907
7.58571,0,0.0636853,2.27034
7.5907,0,0.0636853,2.27034
7.59576,0,0.0636853,2.27034
7.60062,0,0.0636853,2.27034
7.60564,0,0.0548624,2.27144
7.61067,0,0.0548624,2.27144
7.61558,0,0.0548624,2.27144
7.62061,0,0.0548624,2.27144
7.62571,0,0.047002,2.27238
7.63068,0,0.047002,2.27238
7.63569,0,0.047002,2.27238
7.6406,0,0.047002,2.27238
7.64557,0,0.0348103,2.27307
7.65056,0,0.0348103,2.27307
7.65554,0,0.0348103,2.27307
7.66058,0,0.0348103,2.27307
7.66558,0,0.0324041,2.27372
7.67058,0,0.0324041,2.27372
7.67558,0,0.0324041,2.27372
7.68058,0,0.0324041,2.27372
7.68573,0,0.0256666,2.27424
7.6907,0,0.0256666,2.27424
7.6957,0,0.0256666,2.27424
7.70058,0,0.0256666,2.27424
7.70568,0,0.01925,2.27462
7.71071,0,0.01925,2.27462
7.71562,0,0.01925,2.27462
7.72059,0,0.01925,2.27462
7.72569,0,0.0179666,2.27498
7.73067,0,0.0179666,2.27498
7.7357,0,0.0179666,2.27498
7.7406,0,0.0179666,2.27498
7.7457,0,0.0142771,2.27526
7.7507,0,0.0142771,2.27526
7.75564,0,0.0142771,2.27526
7.76061,0,0.0142771,2.27526
7.7657,0,0.0113896,2.27549
7.77067,0,0.0113896,2.27549
7.7757,0,0.0113896,2.27549
7.7806,0,0.0113896,2.27549
7.7857,0,0.0104271,2.2757
7.7907,0,0.0104271,2.2757
7.79564,0,0.0104271,2.2757
7.80058,0,0.0104271,2.2757
7.80564,0,0.00769998,2.27585
7.81069,0,0.00769998,2.27585
7.81567,0,0.00769998,2.27585
7.82061,0,0.00769998,2.27585
7.82565,0,0.00625624,2.27598
7.83058,0,0.00625624,2.27598
7.83569,0,0.00625624,2.27598
7.84059,0,0.00625624,2.27598
7.84571,0,0.00577499,2.27609
7.85059,0,0.00577499,2.27609
7.85566,0,0.00577499,2.27609
7.86067,0,0.00577499,2.27609
7.86554,0,0.00417082,2.27618
7.87058,0,0.00417082,2.27618
7.87557,0,0.00417082,2.27618
7.88058,0,0.00417082,2.27618
7.88554,0,0.00352916,2.27625
7.89057,0,0.00352916,2.27625
7.89571,0,0.00352916,2.27625
7.9006,0,0.00352916,2.27625
7.90565,0,0.00320833,2.27631
7.91065,0,0.00320833,2.27631
7.91565,0,0.00320833,2.27631
7.92057,0,0.00320833,2.27631
7.92565,0,0.00224583,2.27636
7.93066,0,0.00224583,2.27636
7.93569,0,0.00224583,2.27636
7.94058,0,0.00224583,2.27636
7.94571,0,0.00208541,2.2764
7.95067,0,0.00208541,2.2764
7.95561,0,0.00208541,2.2764
7.96058,0,0.00208541,2.2764
7.9657,0,0.00160416,2.27643
7.97069,0,0.00160416,2.27643
7.97571,0,0.00160416,2.27643
7.98059,0,0.00160416,2.27643
7.9857,0,0.00128333,2.27646
7.99065,0,0.00128333,2.27646
7.9957,0,0.00128333,2.27646
8.00061,0,0.00128333,2.27646
8.0057,0,0.00128333,2.27648
8.01065,0,0.00128333,2.27648
8.01567,0,0.00128333,2.27648
8.02061,0,0.00128333,2.27648
8.02572,0,0.000962498,2.2765
8.03069,0,0.000962498,2.2765
8.0357,0,0.000962498,2.2765
8.0406,0,0.000962498,2.2765
8.04563,0,0.000641665,2.27652
8.0507,0,0.000641665,2.27652
8.05565,0,0.000641665,2.27652
8.0606,0,0.000641665,2.27652
8.0657,0,0.000641665,2.27653
8.07059,0,0.000641665,2.27653
8.07558,0,0.000641665,2.27653
8.08054,0,0.000641665,2.27653
8.08557,0,0.000641665,2.27654
8.09058,0,0.000641665,2.27654
8.09557,0,0.000641665,2.27654
8.10058,0,0.000641665,2.27654
8.10558,0,0.000320833,2.27655
8.11064,0,0.000320833,2.27655
8.11568,0,0.000320833,2.27655
8.12061,0,0.000320833,2.27655
8.12557,0,0.000320833,2.27655
8.13069,0,0.000320833,2.27655
8.13565,0,0.000320833,2.27655
8.14058,0,0.000320833,2.27655
8.14564,0,0.000320833,2.27656
8.15069,0,0.000320833,2.27656
8.15559,0,0.000320833,2.27656
8.1606,0,0.000320833,2.27656
8.16563,0,0.000320833,2.27657
8.17071,0,0.000320833,2.27657
8.17567,0,0.000320833,2.27657
8.18059,0,0.000320833,2.27657
8.18569,0,0.000320833,2.27657
8.19068,0,0.000320833,2.27657
8.19567,0,0.000320833,2.27657
8.20057,0,0.000320833,2.27657
8.20558,0,0,2.27657
8.2106,0,0,2.27657
8.21568,0,0,2.27657
8.2206,0,0,2.27657
8.2257,0,0,2.27657
8.23066,0,0,2.27657
8.23566,0,0,2.27657
8.2406,0,0,2.27657
8.24572,0,0,2.27657
8.25069,0,0,2.27657
8.25564,0,0,2.27657
8.26057,0,0,2.27657
8.26567,0,0,2.27657
8.27069,0,0,2.27657
8.27567,0,0,2.27657
8.2806,0,0,2.27657
8.28557,0,0,2.27657
8.29053,0,0,2.27657
8.29558,0,0,2.27657
8.30056,0,0,2.27657
8.30557,0,0,2.27657
8.31057,0,0,2.27657
8.31566,0,0,2.27657
8.32057,0,0,2.27657
8.32562,0,0,2.27657
8.33069,0,0,2.27657
8.33568,0,0,2.27657
8.34059,0,0,2.27657
8.34563,0,0,2.27657
8.35067,0,0,2.27657
8.35558,0,0,2.27657
8.36058,0,0,2.27657
8.36556,0,0,2.27657
8.37069,0,0,2.27657
8.37559,0,0,2.27657
8.3806,0,0,2.27657
8.38557,0,0,2.27657
8.3906,0,0,2.27657
8.39557,0,0,2.27657
8.40058,0,0,2.27657
8.40556,0,0,2.27657
8.41057,0,0,2.27657
8.41556,0,0,2.27657
8.42057,0,0,2.27657
8.42557,0,0,2.27657
8.43071,0,0,2.27657
8.43568,0,0,2.27657
8.4406,0,0,2.27657
8.44556,0,0,2.27657
8.45069,0,0,2.27657
8.45566,0,0,2.27657
8.46057,0,0,2.27657
8.46557,0,0,2.27657
8.47059,0,0,2.27657
8.47567,0,0,2.27657
8.48056,0,0,2.27657
8.48563,0,0,2.27657
8.49064,0,0,2.27657
8.49557,0,0,2.27657
8.50064,0,0,2.27657
8.50556,0,0,2.27657
8.51053,0,0,2.27657
8.51552,0,0,2.27657
8.52057,0,0,2.27657
8.52553,0,0,2.27657
8.53057,0,0,2.27657
8.53557,0,0,2.27657
8.54055,0,0,2.27657
8.54554,0,0,2.27657
8.55065,0,0,2.27657
8.55558,0,0,2.27657
8.56056,0,0,2.27657
8.56556,0,0,2.27657
8.5706,0,0,2.27657
8.57564,0,0,2.27657
8.5806,0,0,2.27657
8.58563,0,0,2.27657
8.59065,0,0,2.27657
8.59567,0,0,2.27657
8.60059,0,0,2.27657
8.60562,0,0,2.27657
8.61063,0,0,2.27657
8.61557,0,0,2.27657
8.6206,0,0,2.27657
8.62556,0,0,2.27657
8.63066,0,0,2.27657
8.63564,0,0,2.27657
8.64056,0,0,2.27657
8.64569,0,0,2.27657
8.65066,0,0,2.27657
8.65566,0,0,2.27657
8.66059,0,0,2.27657
8.66556,0,0,2.27657
8.67067,0,0,2.27657
8.67564,0,0,2.27657
8.68059,0,0,2.27657
8.68566,0,0,2.27657
8.69065,0,0,2.27657
8.69564,0,0,2.27657
8.70057,0,0,2.27657
8.70563,0,0,2.27657
8.71055,0,0,2.27657
8.71555,0,0,2.27657
8.72056,0,0,2.27657
8.72555,0,0,2.27657
8.73056,0,0,2.27657
8.73557,0,0,2.27657
8.74056,0,0,2.27657
8.74568,0,0,2.27657
8.75066,0,0,2.27657
8.75557,0,0,2.27657
8.76057,0,0,2.27657
8.76564,0,0,2.27657
8.77068,0,0,2.27657
8.77556,0,0,2.27657
8.78065,0,0,2.27657
8.78562,0,0,2.27657
8.79066,0,0,2.27657
8.79563,0,0,2.27657
8.80056,0,0,2.27657
8.80556,0,0,2.27657
8.81068,0,0,2.27657
8.81558,0,0,2.27657
8.82057,0,0,2.27657
8.82556,0,0,2.27657
8.83068,0,0,2.27657
8.83571,0,0,2.27657
8.84056,0,0,2.27657
8.84568,0,0,2.27657
8.85059,0,0,2.27657
8.85558,0,0,2.27657
8.86057,0,0,2.27657
8.86556,0,0,2.27657
8.87062,0,0,2.27657
8.87568,0,0,2.27657
8.88058,0,0,2.27657
8.88556,0,0,2.27657
8.89056,0,0,2.27657
8.89558,0,0,2.27657
8.90058,0,0,2.27657
8.90556,0,0,2.27657
8.91062,0,0,2.27657
8.91556,0,0,2.27657
8.92055,0,0,2.27657
8.92553,0,0,2.27657
8.93056,0,0,2.27657
8.93556,0,0,2.27657
8.94055,0,0,2.27657
8.94556,0,0,2.27657
8.95062,0,0,2.27657
8.95557,0,0,2.27657
8.96059,0,0,2.27657
8.96556,0,0,2.27657
8.97063,0,0,2.27657
8.97565,0,0,2.27657
8.98057,0,0,2.27657
8.98556,0,0,2.27657
8.99069,0,0,2.27657
8.99563,0,0,2.27657
9.00058,0,0,2.27657
9.00556,0,0,2.27657
9.01058,0,0,2.27657
9.01563,0,0,2.27657
9.02059,0,0,2.27657
9.02556,0,0,2.27657
9.03056,0,0,2.27657
9.03555,0,0,2.27657
9.04059,0,0,2.27657
9.04568,0,0,2.27657
9.05057,0,0,2.27657
9.05559,0,0,2.27657
9.0606,0,0,2.27657
9.06555,0,0,2.27657
9.07059,0,0,2.27657
9.07563,0,0,2.27657
9.08057,0,0,2.27657
9.08556,0,0,2.27657
9.09058,0,0,2.27657
9.09566,0,0,2.27657
9.10056,0,0,2.27657
9.10556,0,0,2.27657
9.11058,0,0,2.27657
9.11567,0,0,2.27657
9.12058,0,0,2.27657
9.12556,0,0,2.27657
9.13058,0,0,2.27657
9.13556,0,0,2.27657
9.14052,0,0,2.27657
9.14556,0,0,2.27657
9.15061,0,0,2.27657
9.15558,0,0,2.27657
9.16059,0,0,2.27657
9.16556,0,0,2.27657
9.17063,0,0,2.27657
9.17565,0,0,2.27657
9.18058,0,0,2.27657
9.18555,0,0,2.27657
9.19055,0,0,2.27657
9.19554,0,0,2.27657
9.20057,0,0,2.27657
9.20563,0,0,2.27657
9.21057,0,0,2.27657
9.21556,0,0,2.27657
9.22055,0,0,2.27657
9.22556,0,0,2.27657
9.23055,0,0,2.27657
9.23563,0,0,2.27657
9.24057,0,0,2.27657
9.24554,0,0,2.27657
9.25056,0,0,2.27657
9.25563,0,0,2.27657
9.26054,0,0,2.27657
9.26554,0,0,2.27657
9.27056,0,0,2.27657
9.27555,0,0,2.27657
9.28055,0,0,2.27657
9.28557,0,0,2.27657
9.29056,0,0,2.27657
9.29556,0,0,2.27657
9.30055,0,0,2.27657
9.30556,0,0,2.27657
9.31056,0,0,2.27657
9.31555,0,0,2.27657
9.32055,0,0,2.27657
9.32553,0,0,2.27657
9.33055,0,0,2.27657
9.33554,0,0,2.27657
9.34053,0,0,2.27657
9.34552,0,0,2.27657
9.35055,0,0,2.27657
9.35556,0,0,2.27657
9.36055,0,0,2.27657
9.36556,0,0,2.27657
9.37062,0,0,2.27657
9.37556,0,0,2.27657
9.38056,0,0,2.27657
9.38554,0,0,2.27657
9.39064,0,0,2.27657
9.39555,0,0,2.27657
9.40057,0,0,2.27657
9.40554,0,0,2.27657
9.41055,0,0,2.27657
9.41555,0,0,2.27657
9.42056,0,0,2.27657
9.42555,0,0,2.27657
9.43063,0,0,2.27657
9.43553,0,0,2.27657
9.44056,0,0,2.27657
9.44553,0,0,2.27657
9.45064,0,0,2.27657
9.45557,0,0,2.27657
9.46056,0,0,2.27657
9.46553,0,0,2.27657
9.47065,0,0,2.27657
9.47555,0,0,2.27657
9.48058,0,0,2.27657
9.48555,0,0,2.27657
9.49057,0,0,2.27657
9.49557,0,0,2.27657
9.50056,0,0,2.27657
